제목, 저자, 출판사, 정가, 판매가, 출간일
Do it! 점프 투 파이썬,박응용,이지스퍼블리싱,22000,19800,2023-06-15
혼자 공부하는 파이썬,윤인성,한빛미디어,22000,19800,2022-06-01
코딩 자율학습 나도코딩의 파이썬 입문,나도코딩,길벗,24000,21600,2023-02-20
Do it! 점프 투 파이썬,박응용,이지스퍼블리싱,18800,16920,2019-06-20
혼자 공부하는 파이썬,윤인성,한빛미디어,18000,16200,2019-06-10
Do it! 점프 투 파이썬,박응용,이지스퍼블리싱,18800,16920,2016-03-03
파이썬(열혈강의)(개정판 VER.2),이강성,프리렉,35000,-1,2005-08-29
파이썬,Y. Daniel Liang,에피스테메,35000,31500,2018-03-02
파이썬(컴퓨팅 사고를 위한),한선관/김태령,생능출판,29000,26100,2019-02-28
파이썬 라이브러리를 활용한 데이터 분석(수정개정판),웨스 맥키니,한빛미디어,33000,29700,2013-10-01
파이썬(비전공자의 데이터 분석을 위한),염기원/오지영,복두출판사,15000,14550,2020-08-20
파이썬(실무에 바로 적용할 수 있는),김유진,다본,25000,22500,2019-04-10
파이썬으로 웹 크롤러 만들기,라이언 미첼,한빛미디어,24000,21600,2016-12-01
모두의 파이썬,이승찬,길벗,12000,10800,2016-05-09
파이썬(Python) 3학년 머신러닝의 구조,모리 요시나오,성안당,18000,16200,2023-09-20
파이썬과 케라스를 이용한 딥러닝/강화학습 주식투자(위키북스 데이터...,김문권,위키북스,25000,22500,2018-05-29
혼자 공부하는 데이터 분석 with 파이썬,박해선,한빛미디어,26000,23400,2023-01-02
파이썬 웹 프로그래밍,김석훈,한빛미디어,22000,19800,2018-08-17
파이썬 머신러닝 완벽 가이드(데이터 사이언스 시리즈 31),권철민,위키북스,38000,34200,2019-02-28
파이썬으로 배우는 알고리즘 트레이딩(위키북스 프로그래밍 & 프랙티스...,조대표,위키북스,40000,36000,2017-05-17
처음 시작하는 파이썬,빌 루바노빅,한빛미디어,30000,27000,2015-12-10
파이썬과 케라스로 배우는 강화학습(위키북스 데이터 사이언스 시리즈 4),이웅원/양혁렬/김건우/이영무/이의령,위키북스,27000,24300,2017-07-31
슬기로운 코딩 생활 with 파이썬 으랏차차 기초편,김정욱/김준석,루비페이퍼,18000,16200,2018-05-15
파이썬 클린 코드,마리아노 아나야,터닝포인트,28000,25200,2019-02-25
Step by Step 파이썬 비즈니스 통계분석,김형수,프레딕스,32000,28800,2020-07-25
파이썬으로 배우는 컴퓨팅사고,김진일/윤장혁,연두에디션,21000,20790,2017-12-15
Do it! 챗GPT&파이썬으로 AI 직원 만들기,이성용,이지스퍼블리싱,25000,22500,2023-11-10
파이썬(Python): 1학년,모리 요시나오,성안당,17000,15300,2018-12-18
파이썬 GUI 프로그래밍 쿡북,부르크하르트 메이어,에이콘출판,35000,31500,2018-04-26
모두의 라즈베리 파이 with 파이썬,이시이 모루나/에사키 노리히데,길벗,25000,22500,2016-06-13
파이썬 프로그래밍(대학생을 위한),크리스 로피,한빛아카데미,22000,21120,2016-02-05
파이썬(Python),박병기,아티오,23000,20700,2017-01-30
고성능 파이썬,미샤 고렐릭/이안 오스발트,한빛미디어,30000,27000,2016-08-10
파이썬과 Jupyter Notebook,시릴 로산트,에이콘출판,20000,18000,2016-03-29
C#과 파이썬을 활용한 OpenCV 4 프로그래밍,윤대희,위키북스,35000,31500,2019-08-13
왕초보! 파이썬 배워 크롤러 DIY 하다!(내꺼하자! 파이썬!),서진수/최경우,더알음,29000,26100,2016-03-16
파이썬(Python) 문제 해결력을 키우는 소프트웨어 개발,서성채,전남대학교출판문화원,22000,20900,2023-02-24
파이썬,김명호,에듀웨이,18000,16200,2019-05-25
파이썬(Python) 2학년 스크래핑의 구조,모리 요시나오,성안당,17000,15300,2021-11-17
파이썬 라이브러리를 활용한 데이터 분석,웨스 맥키니,한빛미디어,39000,35100,2023-05-01
파이썬 로보틱스(acorn+PACKT 시리즈),렌틴 조셉,에이콘출판,30000,27000,2016-05-20
스타트 파이썬(Coding Book 코딩스쿨 시리즈 1),황재호,코딩스쿨,19000,17100,2018-09-01
씽크 파이썬(Think Python),앨런 다우니,길벗,22000,19800,2017-10-12
Flask 기반의 파이썬 웹 프로그래밍,이지호,제이펍,33000,29700,2016-05-24
파이썬,한혁수,생능출판,23000,23000,2016-08-31
파이썬,홍의경,생능출판,32000,32000,2022-03-09
파이썬,염기원/오지영,북두,18000,18000,2022-01-20
파이썬,천인국,인피니티북스,12000,12000,2017-08-30
파이썬,Y. Daniel Liang,생능출판,35000,-1,2016-02-05
파이썬,임정목/김도문/이용권/정진영,현우사,19000,17100,2018-03-05
파이썬,김영천/류문형/안일열,기한재,25000,22500,2020-02-25
파이썬,임정목/정진영/조범석/최철재,현우사,24000,21600,2018-03-05
Getting Start Python(파이썬),김영아,구민사,26000,23400,2022-10-31
신호와 시스템(파이썬과 함께 배우는),남승현,도서출판 홍릉(홍릉과학출판사),28000,26320,2019-02-25
파이썬을 이용한 통계적 머신러닝,박유성,자유아카데미,29000,28130,2020-02-20
자료구조와 알고리즘 with 파이썬,최영규,생능북스,24000,21600,2023-11-20
파이썬(Python) 3(예제 중심의),최용,인피니티북스,25000,22500,2014-02-12
파이썬(열혈강의)(개정판),이강성,프리렉,32000,-1,2003-03-02
똑똑한 파이썬,황재호/황예린,코딩스쿨,13000,11700,2019-07-01
파이썬(알기쉬운)(4판),시바타 아츠시,광문각,23000,23000,2018-05-30
파이썬 철저 입문,최은석,위키북스,27000,24300,2018-08-10
파이썬(과학적 컴퓨팅을 위한),이정환/신항식/민세동/김경호,도서출판 홍릉(홍릉과학출판사),25000,25000,2019-09-02
파이썬(CD-ROM 1장 포함),이강성,프리렉,32000,-1,2002-03-15
파이썬(실습을 통해 쉽게 배우는),임정목,현우사,19000,-1,2018-03-05
Do it! 첫 파이썬,엘리스 코딩,이지스퍼블리싱,14000,12600,2020-04-10
개발자를 위한 실전 선형대수학(파이썬 3.10 버전 대응, 구글 코랩 실습 가능),마이크 X. 코헨,한빛미디어,28000,25200,2023-09-25
Python(파이썬)과 Matplotlib, NumPy, Pandas,양원영,유페이퍼,10000,-1,2021-03-19
이토록 쉬운 딥러닝을 위한 기초 수학 with 파이썬,마스이 도시카츠,루비페이퍼,28000,25200,2019-08-13
파이썬을 활용한 베이지안 통계(Think Bayes),앨런 B. 다우니,한빛미디어,18000,16200,2014-07-21
프로그래머를 위한 베이지안 with 파이썬,캐머런 데이비슨 필론,길벗,27000,24300,2017-11-30
Hello Coding 파이썬(Hello Coding 시리즈),윤인성,한빛미디어,18800,16920,2018-01-02
고성능 파이썬 프로그래밍(acorn+PACKT 시리즈),가브리엘레 라나로,에이콘출판,12000,10800,2016-04-26
파이썬 for Beginner(IT Cookbook 223),우재남,한빛아카데미,23000,22080,2017-11-30
파이썬(왕초보를 위한)(CD-ROM 1장 포함),최용,사이버출판사,14000,-1,2002-04-19
RESTful 파이썬 웹 서비스 제작(acorn+PACKT 시리즈),가스통 힐라,에이콘출판,35000,31500,2017-07-24
파이썬 딥러닝 케라스(블록과 함께 하는),김태영,디지털북스,25000,22500,2017-09-30
파이썬 네트워크 프로그래밍(IOT 사물인터넷을 위한),서열규/전희성,복두출판사,26000,24700,2020-01-10
파이썬으로 데이터 주무르기,민형기,비제이퍼블릭,27500,24750,2017-12-29
파이썬 머신러닝,세바스티안 라슈카,지앤선,32000,28800,2017-01-25
나의 첫 파이썬,에릭 마테스,한빛미디어,30000,27000,2017-05-01
파이썬 네트워크 프로그래밍(IOT 사물인터넷을 위한)(2판),서열규/전희성,복두출판사,27000,27000,2020-03-25
알고리즘과 자료구조(자바+파이썬),조민호,정보문화사,15000,13500,2018-08-10
라즈베리 파이 프로그래밍(파이썬으로 시작하는)(2판)(제이펍의 로봇 시리즈 7),사이먼 몽크,제이펍,19000,17100,2016-02-29
한권으로 파이썬과 드론 날로 먹기,이현종/박재일,잇플,18000,16200,2020-07-16
코딩 클럽 LV. 1: 모두를 위한 파이썬 기초(10대를 위한 프로그래밍 노트 수프),크리스 로피,한빛미디어,10000,9000,2015-09-01
스타트 업 파이썬,이지선,성안당,25000,22500,2018-06-07
파이썬 코딩의 기술(Effective Python),브렛 슬라킨,길벗,24000,21600,2016-03-31
파이썬 라이브러리를 활용한 머신러닝,안드레아스 뮐러/세라 가이도,한빛미디어,32000,28800,2019-03-29
파이썬 프로그래밍,김동근,가메,28000,25200,2016-07-20
코딩 부트캠프 with 파이썬,유모토 미치타카,길벗,20000,18000,2017-12-11
파이썬 프로그래밍,John V Guttag,도서출판 홍릉(홍릉과학출판사),23000,23000,2016-02-04
파이썬 연습,김기용/성동수,그린,26000,26000,2020-02-27
파이썬 for Beginner,우재남,한빛아카데미,23000,23000,2020-01-06
파이썬 웹프로그래밍,김석훈,한빛미디어,20000,-1,2015-04-01
파이썬 네트워킹 마스터,에릭 추,에이콘출판,35000,31500,2018-05-28
파이썬 라이브러리 레시피,이케우치 다카히로/스즈키 다카노리/이시모토 아츠오/고사카 겐지로/마카비 아이,프리렉,25000,22500,2016-04-26
문과생을 위한 파이썬,홍성인,인디라이프,18500,16650,2020-07-01
초간단 파이썬 입문서,유채곤,부크크(Bookk),9200,9200,2017-03-14
Do it! 쉽게 배우는 파이썬 데이터 분석,김영우,이지스퍼블리싱,23000,20700,2022-05-31
깐깐하게 배우는 파이썬,제드 쇼,인사이트,24000,21600,2014-12-04
코어 파이썬 애플리케이션 프로그래밍,웨슬리 천,에이콘출판,50000,45000,2014-01-29
파이썬으로 배우는 실전 알고리즘,마시모 디 피에로,프리렉,28000,25200,2015-07-21
파이썬 웹 프로그래밍: 실전편,김석훈,한빛미디어,30000,27000,2016-07-15
파이썬 더 쉽게, 더 깊게,츠지 신고,제이펍,26000,23400,2014-09-17
초등 교과수학코딩 with 파이썬,하 우 홍,부크크(Bookk),15700,15700,2019-05-31
파이썬 라이브러리를 활용한 머신러닝,안드레아스 뮐러/세라 가이도,한빛미디어,30000,27000,2017-07-01
파이썬 웹 프로그래밍 에센셜 개정판,김승구,부크크(Bookk),22200,22200,2021-03-17
파이썬 머신러닝 완벽 가이드,권철민,위키북스,38000,34200,2020-02-07
파이썬 코딩 수학 with 딥러닝,박경원,정보문화사,15000,13500,2019-07-10
파이썬 웹 스크래핑(acorn+PACKT 시리즈),리차드 로손,에이콘출판,20000,18000,2017-04-27
해커의 언어 치명적 파이썬,TJ 오코너,비제이퍼블릭,24000,21600,2013-02-25
알기 쉬운 파이썬 SQL 코딩하기(나도 코딩한다),정현희,크라운출판사,15000,13500,2020-03-24
파이썬을 이용한 비트코인 자동매매,유부장/조대표,파이스탁,20000,18000,2019-02-18
파이썬 프로그래밍(예제로 쉽게 배우는),김상근,다올미디어,22000,19800,2020-08-28
파이썬 데이터 시각화 마스터(acorn+PACKT 시리즈),키르시 라만,에이콘출판,35000,31500,2017-05-11
통계학: 파이썬을 이용한 분석,박진호/박헌진/유동현/이경재/황진수,자유아카데미,30000,28500,2018-08-20
파이썬 한권으로 끝내기: 데이터분석전문가(ADP) + 빅데이터분석기사 실기대비,데싸라면/빨간색 물고기/자투리코드,시대고시기획,29000,26100,2023-06-15
머신 러닝 교과서 with 파이썬, 사이킷런, 텐서플로,세바스찬 라시카/바히드 미자리리,길벗,33000,29700,2019-05-24
파이썬 프로그래밍으로 지루한 작업 자동화하기,알 스웨이가트,스포트라잇북,30000,27000,2017-02-22
파이썬 데이터 시각화의 입문과 활용 세트,키르시 라만/이고 밀로바노빅/디미트리 포레스/기우스페 베티글리,에이콘출판,58000,52200,2017-06-21
파이썬으로 배우는 블록체인 구조와 이론,조성현/이광성/박혜리,위키북스,27000,24300,2019-05-02
머신 러닝 부트캠프 with 파이썬,주식회사 시스템 계획 연구소,길벗,22000,19800,2018-05-31
비공대생을 위한 코딩 첫걸음 with 파이썬,김일민/홍희경/유상미/노은희,한성대학교출판부,18000,18000,2020-09-01
파이썬으로 다시 배우는 핵심 고등 수학(핵고수),타니지리 카오리,위키북스,25000,22500,2019-11-07
파이썬 네트워크 프로그래밍(사물인터넷을 위한)(3판),서열규/전희성,복두출판사,28000,28000,2022-02-25
예제로 배우는 파이썬 데이터 시각화(acorn+PACKT 시리즈),이고 밀로바노빅/디미트리 포레스/기우스페 베티글리,에이콘출판,30000,27000,2017-06-12
파이썬과 40개의 작품들,장문철,앤써북,18800,16920,2022-02-28
순서도로 배우는 파이썬(SW교육 onlyOne 1),김종훈,다올미디어,17000,15300,2016-06-20
파이썬을 이용한 통계적 머신러닝,박유성,자유아카데미,32000,32000,2021-02-25
파이썬과 OpenCV를 이용한 컴퓨터 비전 학습,알렉세이 스피쉐보이/알렉산드르 류브니코프,에이콘출판,35000,31500,2019-01-02
자기주도 파이썬(혼자서도 쉽게 익힐 수 있는),김동규,복두출판사,15000,14250,2019-04-20
파이썬을 이용한 머신러닝, 딥러닝 실전 개발 입문(데이터 사이언스 시리즈 3),쿠지라 히코우즈쿠에,위키북스,30000,27000,2017-06-15
파이썬으로 배우는 알고리즘 트레이딩(개정판)(프로그래밍 & 프랙티스 시리즈...,조대표,위키북스,40000,36000,2019-03-07
웹 크롤링과 스크레이핑(파이썬을 이용한)(데이터 사이언스 시리즈 12),카토 코타,위키북스,30000,27000,2018-03-22
Let’s Start Coding with Raptor & Python(랩터 & 파이썬),김충석,이한미디어,24000,21600,2019-03-05
파이썬으로 만드는 암호화폐 자동 거래 시스템(프로그래밍 & 프랙티스 시리즈...,박재현,위키북스,25000,22500,2018-04-26
파이썬을 이용한 머신러닝, 딥러닝 실전 앱 개발(위키북스 데이터 사이언스...,쿠지라 히코우즈쿠에/스기야마 요우이치/엔도 ��스케,위키북스,27000,24300,2019-03-28
파이썬 프로그래밍(입문부터 실무까지 한 방에 끝내는)(개정증보판),조인석,혜지원,27000,24300,2016-03-31
파이썬 웹 프로그래밍(개정증보판)(위키북스 오픈소스 & 웹 시리즈 78),주성식/홍성민,위키북스,25000,22500,2016-05-31
파이썬을 활용한 부동산 데이터 분석(위키북스 데이터 사이언스 시리즈 35),박준규,위키북스,25000,22500,2019-05-16
한권으로 파이썬과 드론 날로 먹기: 인공지능편(드론포함),이현종/박재일,잇플,98000,88200,2021-04-01
데이터 분석 실무 with 파이썬(직장인을 위한)(위키북스 데이터 사이언스...,이형석/장남수/전상환/정상욱,위키북스,27000,24300,2020-01-03
2023 빅데이터분석기사 실기 한권완성 필답형+작업형[파이썬(Python)],최예신/박진원/이경숙/김주현,예문에듀,30000,27000,2023-05-15
파이썬과 케라스를 이용한 딥러닝/강화학습 주식투자(위키북스 데이터...,퀀티랩,위키북스,28000,25200,2020-04-27
2024 수제비 빅데이터분석기사 실기 R+파이썬,윤영빈/조수연/이호형/박인상/김학배/서용욱,건기원,33000,29700,2023-10-30
Do it! 게임 10개 만들며 배우는 파이썬,벤 포터/쉬무엘 포터,이지스퍼블리싱,22000,19800,2022-12-15
모두의 엔트리 with 엔트리파이썬,김슬기/김성훈/곽혜미,길벗,18000,16200,2017-11-20
파이썬을 활용한 공격적 & 방어적 해킹 프로그래밍 세트(에이콘 해킹 보안...,저스틴 지이츠,에이콘출판,46800,42120,2015-05-11
Do it! 알고리즘 코딩 테스트: 파이썬 편,김종관,이지스퍼블리싱,32000,28800,2022-08-16
파이썬을 이용한 퀀트 투자 포트폴리오 만들기,이현열,제이펍,30000,27000,2023-02-17
챗GPT로 만드는 주식 & 암호화폐 자동매매 시스템,설근민,제이펍,20000,18000,2023-11-17
모두의 한국어 텍스트 분석 with 파이썬,박조은/송영숙,길벗,27000,24300,2023-05-29
코딩 테스트 합격자 되기: 파이썬 편,박경록,골든래빗(주),40000,36000,2023-11-15
일 잘하는 평사원의 업무 자동화,이태화,프리렉,25000,22500,2018-05-11
챗GPT를 활용한 파이썬 프로그래밍,김종덕,아이티포럼,27000,24300,2023-11-15
파이썬 한권으로 끝내기: 데이터분석전문가(ADP) + 빅데이터분석기사 실기대비,데싸라면/빨간색 물고기/자투리코드,시대고시기획,27000,24300,2022-06-03
나의 첫 알고리즘+자료구조 with 파이썬,코리 알트호프,한빛미디어,21000,18900,2023-11-01
FastAPI를 사용한 파이썬 웹 개발,압둘라지즈 압둘라지즈 아데시나,한빛미디어,20000,18000,2023-03-22
파이썬 코드로 배우는 Git&Github,유광명,영진닷컴,20000,18000,2022-12-10
데이터 경영을 위한 파이썬,마탄 그리펠/대니얼 게타,윌북,24800,22320,2023-10-20
챗GPT를 활용한 40가지 파이썬 프로그램 만들기,장문철,앤써북,17700,15930,2023-04-30
프로그래머스 코딩 테스트 문제 풀이 전략: 파이썬 편,김범수,길벗,40000,36000,2023-02-23
파이썬 텍스트 마이닝 바이블 2,이상엽,위키북스,28000,25200,2023-11-09
혼자 공부하는 첫 프로그래밍 with 파이썬,문현일,한빛미디어,17000,15300,2020-06-30
파이썬 텍스트 마이닝 바이블 1,이상엽,위키북스,42000,37800,2023-11-09
객체지향 파이썬,어브 캘브,제이펍,32000,28800,2023-10-13
Plotly로 시작하는 인터랙티브 데이터 시각화 in R & 파이썬,이기준,제이펍,32000,28800,2023-12-05
파이썬 기반 금융 인공지능,이브 힐피시,한빛미디어,42000,37800,2022-09-28
IT 비전공자를 위한 파이썬 업무 자동화(RPA),비현코,디지털북스,26000,23400,2023-04-30
파이썬과 Qt6로 GUI 애플리케이션 만들기,마틴 피츠패트릭,에이콘출판,45000,40500,2023-03-31
데이터 분석으로 배우는 파이썬 문제 해결,최의용,비제이퍼블릭,26500,23850,2023-10-30
컴퓨팅 사고와 창의적 코딩,조대제/송희헌/배미영,인피니티북스,20000,19000,2019-02-25
생물정보학을 위한 파이썬,켄 유엔스 클라크,에이콘출판,45000,40500,2023-11-29
핵심만 요약한 통계와 머신러닝 파이썬 코드북,조정임,알고보니,34000,30600,2023-09-25
어쩌다 데이터 분석 with 파이썬,김유지,한빛미디어,28000,25200,2022-09-29
파이썬 클린 코드,마리아노 아나야,터닝포인트,29000,26100,2022-11-11
알고리즘 인사이드 with 파이썬,손혁제,한빛미디어,38000,34200,2023-10-19
Head First Python(개정판),폴 배리,한빛미디어,32000,28800,2017-12-04
쉽게 따라 만드는 파이썬 주식 자동매매 시스템,박준성,길벗,28000,25200,2021-10-14
나는 파이썬으로 머신러닝한다 2,장병철/이지항/박지훈/최정원,씨마스,23000,20700,2023-09-01
생각대로 파이썬 파이썬 첫걸음,전현희/강희숙/주희정/최민희,잇플,23000,20700,2021-01-04
파이썬 머신러닝 완벽 가이드,권철민,위키북스,40000,36000,2022-04-21
백엔드를 위한 Django REST Framework with 파이썬,권태형,영진닷컴,18000,16200,2022-05-20
2023 빅데이터분석기사 실기 한권완성 파이썬(Python),최예신/박진원/이경숙/김주현,예문에듀,30000,27000,2023-06-15
파이썬과 마이크로비트로 배우는 실전 코딩 프로젝트,김정화/엄온숙/아이씨뱅큐,아이씨뱅큐,21000,18900,2023-09-12
몬테카를로 시뮬레이션으로 배우는 확률통계 with 파이썬,장철원,비제이퍼블릭,33000,29700,2023-03-08
Hello 실전 파이썬 프로그래밍 world,조상철,혜지원,22000,19800,2022-01-14
Do it! 점프 투 파이썬: 라이브러리 예제 편,박응용,이지스퍼블리싱,26000,23400,2022-05-25
밑바닥부터 시작하는 딥러닝,사이토 고키,한빛미디어,24000,21600,2017-01-03
이기적 빅데이터분석기사 실기 기본서,나홍석/배원성/이건길/이혜영/고려사이버대학교 AI·빅데이터 연구소,영진닷컴,32000,28800,2022-05-06
이것이 취업을 위한 코딩 테스트다 with 파이썬,나동빈,한빛미디어,34000,30600,2020-08-05
인공지능을 위한 머신러닝과 딥러닝 with 파이썬,김현정/유상현,길벗캠퍼스,28000,28000,2023-09-22
Python 실습으로 기초부터,이진영,서현사,21000,21000,2017-08-25
파이썬 텍스트 마이닝 완벽 가이드,박상언/강주영/정석찬,위키북스,28000,25200,2022-02-18
컴퓨팅 사고력 프로그래밍 PYTHON,김충석,이한미디어,22000,22000,2020-02-10
파이썬 플라스크 웹 앱 개발 입문,사토 마사키/히라타 테츠야,에이케이커뮤니케이션즈,38000,34200,2023-02-10
코딩은 처음이라 with 파이썬,남규진,영진닷컴,20000,18000,2023-04-05
파이썬으로 쉽게 풀어쓴 자료구조,최영규/천인국,생능출판,27000,27000,2020-02-24
데이터사이언스를 위한 기초수학 with 파이썬,박민서,길벗캠퍼스,27000,27000,2023-01-17
파이썬 라이브러리를 활용한 머신러닝,안드레아스 뮐러/세라 가이도,한빛미디어,33000,29700,2022-02-25
파이썬 코딩 도장,남재윤,길벗,25000,22500,2018-11-30
마야 파이썬 - 3D를 위한 파이썬,신동선,e퍼플,19000,-1,2019-09-06
마야 파이썬 - 3D를 위한 파이썬,신동선,퍼플,25000,25000,2019-09-16
공학도를 위한 파이썬 프로그래밍,David E. Clough/Steven C. Chapra,학산미디어,33000,33000,2023-11-21
케라스 창시자에게 배우는 딥러닝(Deep Learning with Python),프랑소와 숄레,길벗,33000,29700,2018-10-22
파이썬을 활용한 금융 분석: 파이썬의 기초부터 금융공학, 머신러닝, 퀀트...,이브 힐피시,한빛미디어,45000,40500,2022-03-31
파이썬 튜토리얼 개발자를 위한 파이썬,장혜진,도서출판 홍릉(홍릉과학출판사),32000,32000,2019-02-25
파이썬 웹 프로그래밍: 기초편,김석훈,한빛미디어,26000,23400,2022-11-01
파이썬 크래시 코스,Matthes Eric,한빛미디어,39000,35100,2023-08-03
파이썬 생활밀착형 프로젝트,김효실,로드북,25000,22500,2021-06-16
파이썬을 이용한 통계적 머신러닝,박유성,자유아카데미,38000,38000,2023-10-25
이기적 파이썬마스터 2ㆍ3급 기본서,이민경/최경희,영진닷컴,22000,19800,2023-07-20
따라하며 배우는 파이썬과 데이터 과학,천인국/박동규/강영민,생능출판,29000,29000,2023-11-20
파이썬 코딩 도장,남재윤,길벗,30000,27000,2023-01-30
기초 정수론과 파이썬,최근배/최은선/박남제,홍릉,22000,22000,2023-10-05
두근두근 파이썬,천인국,생능출판,24000,23280,2017-01-16
파이썬으로 공부하는 블록체인,일등박사,비제이퍼블릭,25000,22500,2023-08-03
나도 하는 파이썬 데이터 분석,김규석/김현정,한빛미디어,22000,19800,2023-03-10
파이썬 알고리즘 인터뷰,박상길,책만,38000,34200,2020-07-15
파이썬을 활용한 베이지안 통계,앨런 B. 다우니,한빛미디어,32000,28800,2022-06-30
난생처음 파이썬 프로그래밍,우재남/최민아,한빛아카데미,24000,24000,2021-06-28
한 권으로 끝내는 아두이노와 파이썬으로 52개 작품 만들기,장문철/박준원,앤써북,22000,19800,2023-07-10
파이썬 인공지능 자율주행 자동차,서민우/코코랩스,앤써북,22000,19800,2023-11-30
데이터 과학을 위한 파이썬과 R,Scavetta Rick J./Angelov Boyan,한빛미디어,18000,16200,2022-10-28
파이썬 코딩의 기술,브렛 슬라킨,길벗,32000,28800,2020-10-30
선형대수와 통계학으로 배우는 머신러닝 with 파이썬,장철원,비제이퍼블릭,37500,33750,2021-01-26
파이썬 생활 프로젝트 코딩,서승희,길벗,18000,16200,2023-08-25
초보자를 위한 파이썬(Python) 200제,장삼용,정보문화사,20000,18000,2017-02-27
알고리즘 중심의 머신러닝 가이드,스티븐 마슬랜드,제이펍,32000,28800,2016-12-28
파이썬 초보 학습자를 위한 4시간에 배우는 파이썬 기초문법,이원영/최종헌,오미글로벌,3000,-1,2019-11-26
HEAD FIRST PROGRAMMING,폴 배리/데이빗 그리피스,한빛미디어,26000,23400,2011-03-25
고성능 파이썬,미샤 고렐릭/이안 오스발트,한빛미디어,36000,32400,2021-05-10
이토록 쉬운 오렌지3 데이터 분석 with 파이썬,임선집/채호창/곽랑주,루비페이퍼,28000,25200,2023-02-28
머신 러닝 교과서 with 파이썬, 사이킷런, 텐서플로,세바스찬 라시카/바히드 미자리리,길벗,44000,39600,2021-03-31
자바와 파이썬으로 만드는 빅데이터 시스템,황세규,제이펍,30000,27000,2023-05-08
게임으로 배우는 파이썬,다나카 겐이치로,영진닷컴,17000,15300,2019-03-29
마인크래프트로 배우는 파이썬 입문,카지마 유헤이,에이케이커뮤니케이션즈,19800,17820,2023-11-25
난생처음 데이터 분석 with 파이썬,김규석/김주희/이준,한빛아카데미,26000,23400,2023-07-24
파이썬을 이용한 AWS 가이드   파이썬과 Boto로 클라우드 관리하기,미치 가나트,한빛미디어,9900,-1,2015-05-18
모두의 파이썬,이승찬,길벗,12000,10800,2018-10-09
파이썬으로 쉽게 배우는 자료구조,최영규/천인국,생능출판,29000,29000,2023-06-26
작심 3일 파이썬 Python,황덕창,스포트라잇북,18000,16200,2019-04-25
파이썬 텍스트 마이닝 완벽 가이드,박상언/강주영,위키북스,30000,27000,2023-02-28
금융 파이썬 완전 정복,제임스 마 와이밍,에이콘출판,40000,36000,2023-08-31
파이썬 데이터 사이언스 핸드북,제이크 밴더플래스,위키북스,38000,34200,2023-03-30
파이썬·케라스로 시작하는 AI 기초,천상훈,복두출판사,18000,18000,2023-08-25
제대로 빠르게 파이썬 입문,마츠우라 켄이치로/츠카사 유키,에이케이커뮤니케이션즈,29800,26820,2023-05-15
쓸모 있는 파이썬 프로그램 40개,심교훈,로드북,30000,27000,2023-06-20
파이썬 올인원,이지민/임희경,연두에디션,23000,20700,2023-09-04
셜록 홈즈 만화로 배우는 파이썬 : 8주 안에 끝내는 가장 쉬운 파이썬,정준우 김민기 공저,페스트북,19200,19200,2021-11-19
한 권으로 끝내는 아두이노와 파이썬으로 52개 작품 만들기,장문철/박준원,앤써북,22000,19800,2022-03-30
2024 내일은 빅데이터분석기사 실기 with 파이썬,Jade Jeong,김앤북,23000,20700,2023-10-30
일잘러의 비밀, 엑셀 대신 파이썬으로 업무 자동화하기,포스코인재창조원,한빛미디어,24000,21600,2022-04-25
Do it! 첫 코딩 with 파이썬,정동균,이지스퍼블리싱,18000,16200,2021-01-15
두근두근 파이썬,천인국,생능출판,25000,25000,2023-01-05
누구나 쉽게 할 수 있는 소프트웨어 설계와 파이썬,정화영,자유아카데미,34000,34000,2023-11-05
문제해결 파이썬 with 기본 수학,이경미/이수연/안주연,길벗,20000,18000,2023-06-20
Do it! 자료구조와 함께 배우는 알고리즘 입문: 파이썬 편,시바타 보요,이지스퍼블리싱,22000,19800,2020-07-20
파이썬과 엑셀로 시작하는 딥러닝,홍재권/윤동현/이승준,정보문화사,25000,22500,2023-07-25
거니의 문과 감성 실용 파이썬,이건희,길벗,22000,19800,2023-01-20
한 권으로 끝내는 코딩테스트 with 파이썬,윤성환,상상아카데미,38000,34200,2023-08-14
파이썬 자동화 교과서,구지라 히코즈쿠에,제이펍,27000,24300,2022-07-19
파이썬 라이브러리를 활용한 데이터 분석,웨스 맥키니,한빛미디어,35000,31500,2019-05-20
라즈베리파이 피코, 마이크로파이썬을 만나다,허경용,제이펍,25000,22500,2022-12-14
모두의 인공지능 with 파이썬,이영호,길벗,22000,19800,2020-12-30
예제가 가득한 파이썬 길라잡이,유연수,정보문화사,25000,22500,2023-05-25
파이썬 for Beginner,우재남,한빛아카데미,25000,25000,2022-01-03
The Python Standard Library by Example(한국어판),더그 헬먼,에이콘출판,50000,45000,2012-06-07
PySpark 배우기,토마스 드라바스/데니 리,에이콘출판,30000,27000,2017-10-30
객체지향 파이썬 프로그래밍,스티븐 로트,에이콘출판,45000,40500,2023-05-31
코딩 뇌를 깨우는 파이썬,존 V. 구태그,한빛미디어,35000,31500,2023-08-30
파이썬으로 배우는 음성인식,다카시마 료이치,비제이퍼블릭,27000,24300,2023-01-09
파이썬을 이용한 비트코인 자동매매,유대표/조대표,파이스탁,27000,24300,2021-03-22
알고리즘 구현으로 배우는 선형대수 with 파이썬,장철원,비제이퍼블릭,34000,30600,2021-12-24
지구과학을 위한 차근차근 파이썬 코딩 실습 Vol 2 활용편,심성보/시호연/진대호/송강현/이선주/이정은,좋은땅,28000,25200,2023-08-12
파이썬 데이터 사이언스 핸드북,제이크 밴더플래스,위키북스,38000,34200,2017-09-29
모두의 데이터 분석 with 파이썬,송석리/이현아,길벗,18000,16200,2019-04-25
지구과학을 위한 차근차근 파이썬 코딩 실습 활용편 Vol 1,심성보/시호연/진대호/송강현/이선주/이정은,좋은땅,28000,25200,2023-08-12
Chapra의 파이썬 수치해석,Steven C. Chapra/David E. Clough,한티에듀,38000,38000,2023-03-27
처음 시작하는 파이썬,빌 루바노빅,한빛미디어,36000,32400,2020-08-24
ChatGPT를 활용한 파이썬 워크북,이경숙,길벗캠퍼스,26000,23400,2023-06-07
Getting Start Python(2판),김영아,구민사,25000,22500,2019-04-25
파이썬 증권 데이터 분석,김황후,한빛미디어,32000,28800,2020-07-01
파이썬 프로그래밍 교과서(개정판 3판),제니퍼 캠벨/폴 그라이즈/제이슨 만토요,길벗,23000,20700,2019-04-30
파이썬 딥러닝 파이토치(Python Deep Learning PyTorch),이경택/방성수/안상준,정보문화사,25000,22500,2020-10-08
데이터 분석을 위한 전처리와 시각화 with 파이썬,오경선/양숙희/장은실,길벗캠퍼스,29000,29000,2023-05-01
Do it! 파이썬 생활 프로그래밍,김창현,이지스퍼블리싱,20000,18000,2020-07-27
파이썬으로 구현하는 AI 자율주행 자동차 with 아두이노 자동차 만들기,장문철,앤써북,20000,18000,2023-11-10
전문가를 위한 파이썬 프로그래밍,미하우 야보르스키/타레크 지아데,제이펍,38000,34200,2022-08-12
반갑다 코딩!,히웰 카버,킨더랜드,14800,13320,2017-01-15
파이썬으로 하는 데브옵스,노아 기프트/케네디 베어먼/알프레도 데자/그릭 게오르규,에이콘출판,40000,36000,2021-06-30
전문가를 위한 파이썬,루시아누 하말류,한빛미디어,55000,49500,2016-08-12
나는 파이썬으로 머신러닝한다 1,최정원/박지훈,씨마스,22000,19800,2022-06-07
SQL과 AI 알고리즘 with 파이썬,김현정/황숙희,길벗캠퍼스,27000,24300,2023-08-18
파이썬으로 풀어보는 수학,아미트 사하,에이콘출판,25000,22500,2016-06-28
소프트웨어 코딩 대회를 위한 파이썬 문제 풀이 100,이형우,길벗,20000,18000,2023-01-30
AI 수학 with 파이썬,아즈마 유키나가,영진닷컴,23000,20700,2021-01-15
파이썬으로 배우는 통계학 교과서,바바 신야,한빛미디어,30000,27000,2019-11-22
데이터 경영을 위한 파이썬,마탄 그리펠/대니얼 게타,윌북,18600,-1,2023-11-02
누구나 파이썬 통계분석,타니아이 히로키,한빛아카데미,26000,23400,2020-04-06
파이썬 마스터,온개발팀,온노트,52000,-1,2023-08-29
칼퇴하는 일잘러의 업무 스킬, 파이썬 업무 자동화,이태화,프리렉,25000,22500,2022-12-26
암호화폐 자동매매 시스템 만들기 with 파이썬,정성문,로드북,35000,31500,2022-03-02
실전 파이썬 객체 지향 디자인 패턴,온개발팀/향단코드,온노트,18000,-1,2023-11-02
Matplotlib Tutorial - 파이썬으로 데이터 시각화하기,김민휘,유페이퍼,12000,-1,2023-11-21
통계학: 파이썬을 이용한 분석,인하대학교 통계학과,자유아카데미,32000,32000,2022-06-25
수학으로 배우는 파이썬,다나카 카즈나리,영진닷컴,13000,11700,2019-03-04
으뜸 파이썬,박동규/강영민,생능출판,32000,32000,2020-02-17
데이터 전처리 대전,모토하시 도모미쓰,한빛미디어,30000,27000,2019-11-01
웹 크롤링 & 데이터 분석 with 파이썬,장철원,인사이트,20000,18000,2022-01-24
IT 비전공자를 위한 파이썬 업무 자동화(RPA),비현코김우현,디지털북스,26000,-1,2023-11-24
달구나 파이썬!,노순국/이금분/정유정,연두에디션,20000,19000,2023-08-15
파이썬과 수치해석,권기운,교우,20000,20000,2023-09-15
프로그래밍 입문을 위한 파이썬의 정석,조용주 저자 임좌상 저자,길벗캠퍼스,29800,-1,2023-11-01
내일은 코딩테스트 with 파이썬,윤인도,김앤북,27000,24300,2023-06-08
파이썬을 이용한 기초통계학,박철근 저자,자유아카데미,30000,-1,2023-10-12
엑셀이 편해지는 파이썬,펠릭스 춤슈타인,한빛미디어,28000,25200,2022-04-20
SSS급 일잘러를 위한 파이썬과 40개의 작품들,장문철,앤써북,22200,19980,2022-11-20
누구나 쉽게 컴퓨팅 사고 with 파이썬,김현정 저자 황숙희 저자,길벗캠퍼스,25000,-1,2023-10-25
플라스크 웹 개발,미구엘 그린버그,비제이퍼블릭,26000,23400,2016-08-30
바이오파이썬으로 만나는 생물정보학,한주현,비제이퍼블릭,26000,23400,2019-03-22
파이썬을 활용한 머신러닝 해석 가능성,세르그 마시스,에이콘출판,45000,40500,2023-06-30
Let’s Get IT 파이썬 프로그래밍,안지혜,길벗,22000,19800,2021-07-05
내일은 파이썬 1권(입문)+2권(실전) 세트(Ver.3.11),임형래,김앤북,22000,19800,2023-09-21
머신 러닝 딥 러닝에 필요한 기초 수학 with 파이썬,조준우,인사이트,27000,24300,2020-11-04
코딩수학으로 배우는 파이썬 3,강승윤/김상권/김현동/김준석,지오북스,12000,10800,2023-05-31
Do it! 장고+부트스트랩 파이썬 웹 개발의 정석,이성용/김태곤,이지스퍼블리싱,32000,28800,2021-01-18
파이썬 시작하기,온개발팀,온노트,12000,-1,2023-07-27
파이썬 데이터 분석 입문,클린턴 브라운리,한빛미디어,27000,24300,2017-10-25
파이썬 디자인 패턴,체탄 기리다,에이콘출판,15000,13500,2019-01-02
코딩 뇌를 깨우는 파이썬,존 V 구태그,한빛미디어,28000,-1,2023-08-31
파이썬과 케라스로 배우는 강화학습,이웅원/양혁렬/김건우/이영무/이의령,위키북스,28000,25200,2020-04-07
파이썬 Express,천인국,생능출판,30000,30000,2020-11-20
파이썬 웹 스크레이핑 완벽 가이드,최은석,위키북스,32000,28800,2022-09-27
파이썬으로 배우는 인공지능 수학,이재광/전태일,인피니티북스,32000,32000,2023-03-01
데이터 드리븐 리포트,이상석,한빛미디어,33000,29700,2023-10-31
파이썬 GUI 프로그래밍 쿡북,부르크하르트 메이어,에이콘출판,35000,31500,2021-09-30
데이터 과학을 위한 파이썬 프로그래밍,최성철,한빛아카데미,30000,30000,2023-01-01
누구나 쉽게 자료구조와 알고리즘 with 파이썬,김현정 저자 황숙희 저자,길벗캠퍼스,28000,-1,2023-10-25
누구나 쉽게 SQL과 AI 알고리즘 with 파이썬,김현정 저자  황숙희 저자,길벗캠퍼스,27000,-1,2023-10-26
파이썬 마스터 2급(3급 포함),김상민,렉스미디어닷넷,22000,19800,2022-12-01
파이썬과 함께하는 자료구조의 이해,양성봉,생능출판,28000,28000,2022-11-10
데이터 과학 기반의 파이썬 빅데이터 분석,이지영,한빛아카데미,28000,28000,2020-12-30
2023 이기적 빅데이터분석기사 실기 기본서,나홍석/배원성/이건길/이혜영/고려사이버대학교 AI·빅데이터 연구소,영진닷컴,33000,29700,2022-10-25
컴퓨팅 사고와 파이썬,김지연,한빛아카데미,24000,24000,2021-05-31
파이썬 웹프로그래밍(실전편),김석훈,한빛미디어,32000,28800,2019-11-01
파이썬 과 MySQL,이길상,부크크(Bookk),19000,19000,2023-07-04
파이썬 머신러닝 정복하기,정종호,삼양미디어,20000,18000,2023-04-05
Black Hat Python(에이콘 해킹 보안 시리즈),저스틴 지이츠,에이콘출판,25000,22500,2015-04-30
파이썬을 활용한 생명정보학,티아구 안타오,에이콘출판,36000,32400,2019-12-30
Streamlit으로 프로젝트 한방에 끝내기 with 파이썬,Sara Evan,부크크(Bookk),33500,33500,2023-05-30
파이썬 기초와 활용,한정란,21세기사,32000,28800,2023-03-02
위니브월드 탐험대학생용: 게임으로 배우는 파이썬 교육 플랫폼,주식회사 위니브,사도출판,0,-1,2023-11-09
파이썬·케라스로 시작하는 AI 기초,천상훈,복두출판사,15300,-1,2023-09-21
더 쉬운 파이썬 프로그래밍, 2판,최 종 명/김 기 영,J&H,22000,-1,2023-08-17
파이썬ㆍ케라스로 시작하는 AI기초,천상훈,복두출판사,15000,15000,2021-07-15
파이썬으로 만드는 인공지능,오일석/이진선,한빛아카데미,31000,31000,2021-01-05
파이썬을 이용한 기초통계학,박철근,자유아카데미,30000,27000,2023-08-15
파이썬으로 살펴보는 아키텍처 패턴: TDD, DDD, EDM 적용하기,해리 퍼시벌/밥 그레고리,한빛미디어,32000,28800,2021-06-03
그림으로 배우는 파이썬,다카하시 마나,영진닷컴,18000,16200,2021-11-10
뚝딱뚝딱 파이썬 자동화,알 스웨이가트,인사이트,33000,29700,2021-07-28
파이썬 스킬 업,브라이언 오버랜드/존 베넷,길벗,40000,36000,2021-05-31
파이썬으로 시작하는 로봇 활용 SW 교육: 햄스터,황준/연승욱/박광현,영진닷컴,18000,16200,2020-03-06
청소년을 위한 파이썬 300제,김현정,궁리,18000,16200,2023-03-10
Introduction to 파이썬,황재호,인포앤북,25000,22500,2021-03-01
C#과 파이썬을 활용한 OpenCV 4 프로그래밍,윤대희,위키북스,36000,32400,2021-04-15
파이썬 마이크로서비스,타렉 지아드,에이콘출판,35000,31500,2019-05-17
예제부터 배우는 거꾸로 파이썬,구재홍,비제이퍼블릭,23000,20700,2022-08-19
위니브월드 탐험대선생님용: 게임으로 배우는 파이썬 교육 플랫폼,주식회사 위니브,사도출판,0,-1,2023-11-09
파이썬으로 배우는 게임 개발: 입문편,히로세 츠요시,제이펍,28000,25200,2020-10-26
파이썬 날코딩으로 알고 짜는 딥러닝,윤덕호,한빛미디어,45000,40500,2019-07-15
이것이 데이터 분석이다 with 파이썬,윤기태,한빛미디어,28000,25200,2020-02-10
고급 파이썬,온개발팀,온노트,12000,-1,2023-05-04
실무자를 위한 파이썬 100제,오승환,정보문화사,20000,18000,2020-02-25
파이썬 리팩토링,온개발팀,온노트,12000,-1,2023-05-02
파이썬 해킹 레시피,공재웅,비제이퍼블릭,26000,23400,2021-06-04
슬기로운 파이썬 트릭,댄 베이더,인사이트,20000,18000,2019-01-29
파이썬 머신러닝을 이용한 금융 리스크 관리,Abdullah Karasan,에이콘출판,35000,31500,2023-03-31
비즈니스 애널리틱스를 위한 데이터 마이닝 in 파이썬,갈리트 슈무엘리/Peter C. Bruce/Gedeck Peter/Nitin R. Patel,한빛아카데미,39000,39000,2023-02-10
파이썬으로 배우는 포트폴리오,곽승주,길벗,26000,23400,2021-03-15
파이썬 해킹 입문,조성문/정영훈,프리렉,23000,20700,2014-12-08
파이썬을 이용한 알고리즘 트레이딩,이브스 힐피쉬,제이펍,29000,26100,2021-07-29
한권으로 개발자가 원하던 파이썬 심화 A to Z,문용준/문성혁,잇플,32000,28800,2019-11-25
파이썬으로 배우는 공업수학,김도영/김재현/김현태/정보현/정순모/최경미,지오북스,30000,27000,2022-03-01
파이썬으로 시작하는 데이터 분석,강지영,아이리포,22000,19800,2021-07-15
파이썬 알고리즘,최영규,생능출판,27000,27000,2021-01-28
파이썬 프로그래밍,온개발팀,온노트,13000,-1,2023-04-06
파이썬 퀵스타트,표선영,루비페이퍼,22000,19800,2023-04-17
파이썬과 C로 구현한 수치해석,엄정국,21세기사,34000,30600,2023-08-10
모두의 알고리즘 with 파이썬,이승찬,길벗,16000,14400,2017-05-18
자기주도 파이썬,한컴에듀케이션 알고리즘연구소,복두출판사,17000,17000,2022-11-15
금융 파이썬 쿡북,에릭 르윈슨,에이콘출판,35000,31500,2021-02-10
파이썬으로 챗봇 만들기,Sumit Raj,영진닷컴,20000,18000,2020-11-20
파이썬 딥러닝 케라스(Python Deep Learning Keras),조한성,정보문화사,28000,25200,2022-10-31
라이노 파이썬,김성욱,창조와지식,12000,10800,2021-06-21
알파 회계,김태식/전종준/김태경,와이북스,15000,13500,2017-09-25
엑셀Ⅹ파이썬 코드 레시피 125,카네히로 카즈미,에이케이커뮤니케이션즈,25000,22500,2022-05-10
직장인을 위한 데이터 분석 실무 with 파이썬,이형석/장남수/전상환/정상욱,위키북스,28000,25200,2020-11-12
지구과학을 위한 차근차근 파이썬 코딩 실습 volume 2,심성보 시호연 진대호 송강현 이선주 이정은 최다영 류지훈 박훈영 지음 ㅣ 김춘지 기획,좋은땅,16800,-1,2023-09-04
지구과학을 위한 차근차근 파이썬 코딩 실습 volume 1,심성보 시호연 진대호 송강현 이선주 이정은 최다영 류지훈 박훈영 지음 ㅣ 김춘지 기획,좋은땅,16800,-1,2023-09-04
파이썬 강좌,류주환,퍼플,19000,19000,2023-03-27
클린 코드, 이제는 파이썬이다,알 스웨이가트,책만,30000,27000,2022-08-16
파이썬으로 시작하는 한국어 정보 검색과 자연어 처리,박건숙,노드미디어,43000,38700,2022-09-01
파이썬 네트워크 프로그래밍,서열규/전희성,복두출판사,30000,30000,2022-09-30
그림으로 배우는 파이썬 기초 문법,조대표/유대표,파이스탁,17000,15300,2023-01-02
비전공자를 위한 처음 만나는 파이썬,권건우/김정수/박소민/채정희/김정석/박정순,루나파인북스,20000,18000,2023-06-22
파이썬 클린 코드,온개발팀,온노트,13000,-1,2023-04-12
파이썬 딥러닝 텐서플로,오승환/이경록/김태헌/홍재권,정보문화사,27000,24300,2021-06-30
파이썬과 수치 해석,로버트 요한슨,에이콘출판,50000,45000,2019-08-30
파이썬 코딩 0교시,줄리 스웨이,프리렉,18000,16200,2021-04-30
파이썬으로 시작하는 캐글,이시하라 쇼타로/무라타 히데키,제이펍,18000,16200,2021-04-19
파이썬과 인공지능 프로젝트 with ASUS Tinker Board,서민우/전한결,앤써북,28000,25200,2023-04-15
파이썬 자료구조와 알고리즘,미아 스타인,한빛미디어,22000,19800,2019-07-03
파이썬 프로그래밍,Dave Lee,아티오,15000,13500,2023-03-10
파이썬을 활용한 지리공간 분석 마스터하기,폴 크릭커드/에릭 반 리스/사일러스 톰스,에이콘출판,40000,36000,2020-10-19
파이썬을 이용한 수치해석,박철근 저자,자유아카데미,29700,-1,2023-06-01
시간순삭 파이썬,천인국/정영민/최자영,생능북스,25000,22500,2022-12-04
ELS 평가를 위한 몬테카를로 시뮬레이션과 유한차분법 파이썬 활용,한현수/장한별/유민현/이원진/류지상/이채영,지오북스,19000,17100,2019-11-01
파이썬을 이용한 데이터 분석의 정석,채진석,루비페이퍼,32000,28800,2021-06-25
파이썬을 활용한 딥러닝 전이학습,디파니안 사르카르/러그허브 발리/타모그나 고시,위키북스,24000,-1,2023-07-03
데이터 과학을 위한 기초수학 with 파이썬,이병준,한빛아카데미,26000,23400,2021-01-06
파이썬 머신러닝 판다스 데이터 분석,오승환,정보문화사,25000,22500,2019-06-15
파이썬 데이터 클리닝 쿡북,마이클 워커,위키북스,28000,25200,2021-11-19
파이썬 데이터 분석 실무 테크닉 100,시모야마 테루마사/마쯔다 유마/미키 타카유키,위키북스,26000,23400,2020-07-30
파이썬 마스터 1·2급,유성열,명진씨앤피,22000,19800,2021-11-01
윤성우의 열혈 파이썬 기초편,윤성우,오렌지미디어,16000,14400,2018-11-20
함수형 프로그래밍 with 파이썬,온개발팀,온노트,12000,-1,2023-04-24
Wonder 파이썬,조성호,인피니티북스,28000,28000,2022-07-08
코딩수학 파이썬 1,김상권/김현동/곽수빈/황영진/김준석,지오아카데미,17000,17000,2021-09-01
파이썬 라이브러리를 활용한 텍스트 분석,젠스 알브레히트/싯다르트 라마찬드란/크리스티안 윙클러,한빛미디어,35000,31500,2022-10-11
진지한 파이썬,쥘리앵 당주,한빛미디어,28000,25200,2021-01-25
객체 지향 프로그래밍 with 파이썬,온개발팀,온노트,12000,-1,2023-04-20
파이썬 스타트,박희재,인피니티북스,25000,25000,2022-06-28
데이터 과학(밑바닥부터 시작하는),조엘 그루스,인사이트,27000,24300,2016-05-31
이게 진짜 파이썬EASY!,감무철,책밥,26000,23400,2022-03-14
응용미적분학 with 파이썬,이정례/곽태근/이성진/김원배/김봉진,경문사,24000,24000,2022-09-01
자료구조와 알고리즘 with 파이썬,온개발팀,온노트,12000,-1,2023-04-27
엑셀 × 파이썬 업무 자동화,카네히로 카즈미,인사이트,18000,16200,2020-12-03
창의적 문제 해결을 위한 파이썬 프로그래밍,김진일/윤장혁,연두에디션,23000,23000,2020-02-10
파이썬과 데이터 과학,천인국/박동규/강영민,생능출판,26000,25220,2020-12-28
난생처음 컴퓨팅 사고 with 파이썬,김명호,한빛아카데미,23000,23000,2021-01-05
꼬리에 꼬리를 무는 인공지능 이야기 WITH 파이썬,김귀훈/김지윤/윤숙영/이주연/김슬기/김홍국,이오북스,20000,18000,2023-03-02
파이썬으로 배우는 초중등 교과서 1,김정욱,루비페이퍼,18000,16200,2019-08-16
파이썬아 반가워!,곽문기,다락원,13800,12420,2018-08-27
이공계생을 위한 파이썬 프로그래밍,김호숙/정현우,프리렉,24000,21600,2023-03-13
파이썬을 이용한 경제 및 금융 데이터 분석,정호성,자유아카데미,30000,30000,2023-01-31
비전공자도 쉽게 배우는 파이썬 SQL 코딩,지식커뮤니티,지식 커뮤니티,20000,-1,2023-05-12
파이썬 및 매트랩 기반 수치해석,권순학,홍릉,35000,35000,2023-04-21
파이썬 데이터 분석,장용식,생능출판,28000,28000,2022-02-25
파이썬으로 배우는 공업수학,김도영/김재현/김현태/정보현/정순모/최경미,지오북스,30000,27000,2023-02-01
파이썬으로 배우는 게임 개발: 실전편,히로세 츠요시,제이펍,30000,27000,2020-11-20
파이썬 무작정 따라하기,서승희/송석리,길벗,16000,14400,2021-12-20
쉽게 배우는 자료구조 with 파이썬,문병로,한빛아카데미,29000,29000,2022-01-16
머신러닝 솔루션(전문가를 위한)(데이터 사이언스 시리즈 36),잘라지 트하나키,위키북스,35000,31500,2019-06-13
파이썬 텍스트 코딩 워크북,정재웅/김성안/박수빈/배효정/서정민/서진원,삼양미디어,5000,4500,2022-05-20
파이썬을 이용한 딥러닝/강화학습 주식투자,퀀티랩,위키북스,30000,27000,2022-03-30
원리가 보이는 파이썬 빅데이터 분석 기초와 실습,천세학,한빛아카데미,28000,28000,2023-06-25
클린 파이썬,수닐 카필,에이콘출판,22000,19800,2021-04-16
필수 알고리즘 with 파이썬,박선주,영진닷컴,16000,14400,2018-10-24
핵심코어! 데이터 분석 with 파이썬,최희식,인피니티북스,26000,23400,2023-03-31
파이썬 입문 예제 중심,황재호,인포앤북,25000,22500,2020-06-01
행동 데이터 분석,Buisson Florent,한빛미디어,34000,30600,2023-05-26
파이썬 동시성 프로그래밍,엘리엇 포브스,에이콘출판,30000,27000,2018-09-17
파이썬을 이용한 통계분석,이원우/장인홍/이다혜,자유아카데미,36000,36000,2022-04-15
파이썬의 정석,조용주/임좌상,길벗캠퍼스,29800,29800,2023-01-10
파이썬과 아두이노 기초,박정규/조범희,복두출판사,18000,18000,2023-02-15
파이썬으로 웹 크롤러 만들기,라이언 미첼,한빛미디어,25000,22500,2019-03-29
파이썬 프로그래밍,김영탁,도서출판 홍릉(홍릉과학출판사),34000,34000,2020-01-20
파이썬 코딩 노트북 38,이강성,프리렉,22000,19800,2022-11-30
자기주도 파이썬,한컴에듀케이션 알고리즘연구소,복두출판사,16000,16000,2021-07-30
데이터 분석을 위한 파이썬 철저 입문,최은석,위키북스,28000,25200,2019-04-25
실전 파이썬 핸즈온 프로젝트,리본,책만,28000,25200,2022-05-31
COS Pro 2급 파이썬 (교재+모의고사),남재윤,길벗,18000,16200,2018-02-15
파이썬과 함께하는 AI젯봇,문상국/정원교/장선연/양효식/아이씨뱅큐(주),아이씨뱅큐,25000,22500,2021-05-31
파이썬을 이용한 수치해석,류권규/이남주,씨아이알,35000,31500,2020-12-28
파이썬 수치해석,Qingkai Kong/Timmy Siauw/Alexandre M. Bayen,휴먼싸이언스,33000,33000,2022-02-18
ICDL 컴퓨팅 파이썬,박우창/양회석/이낙선/남송휘,Publs(퍼블스),20000,19000,2019-11-15
중3 고1 컴퓨팅 사고력 파이썬,박문철,낭만독타,15000,-1,2023-02-08
파이썬을 제대로 활용해보려고 해(입문 + 활용),최용/스타트코딩,패스트캠퍼스,19800,17820,2022-12-05
파이썬 해킹 프로그래밍,저스틴 지이츠,에이콘출판,25000,22500,2010-01-04
엑셀 자동화 with 파이썬,최은석,위키북스,30000,27000,2020-11-10
파이썬으로 데이터 마이닝 시작하기,나단 그리넬치,에이콘출판,21000,18900,2019-12-19
윤성우의 열혈 파이썬 중급편,윤성우,오렌지미디어,16000,14400,2019-10-29
파이썬 비동기 라이브러리 Asyncio,케일럽 해팅,한빛미디어,18000,16200,2021-05-01
데이터 분석 with 파이썬,김임용,심통,32000,28800,2022-06-30
파이썬 자료구조,김병호,홍릉,15000,15000,2021-07-23
박쌤과 함께 코딩의 기본기를 채울 수 있는 다양한 예제로 배우는 파이썬,박병기,아티오,25000,22500,2023-04-20
데이터 과학을 위한 파이썬 프로그래밍,이정근,경문사,26000,26000,2023-02-20
자바에서 파이썬 AI 서버에 웹으로 연결하기,허진경,부크크(Bookk),9400,9400,2023-05-22
파이썬으로 제어하는 마이크로비트,북마크,부크크(Bookk),9400,9400,2022-08-08
파이썬으로 만드는 나만의 게임,이수안,비제이퍼블릭,25000,22500,2022-01-28
파이썬 기반의 AI를 위한 기초수학, 확률 및 통계,강봉주,자유아카데미,32000,32000,2020-03-16
바로 쓰는 파이썬,박진수,서울대학교출판문화원,25000,25000,2019-02-28
파이썬으로 캐글 뽀개기,Evan/조대연/김보경/정필원/최준영,비제이퍼블릭,31000,27900,2021-08-27
손에 잡히는 퀀트 투자 with 파이썬,GIL’s LAB,위키북스,32000,28800,2022-02-22
코드업과 함께 하는 파이썬 & 문제 해결,배준호/정웅열/정종광/전현석,삼양미디어,16000,14400,2020-11-20
Hello Coding 한입에 쏙 파이썬,김왼손/김태간,한빛미디어,15000,13500,2018-06-20
파이썬으로 배우는 자료 구조 핵심 원리,양태환,길벗,22000,19800,2021-08-20
파이썬 Jupyter Notebook 실전 입문,이케우치 타카히로/카타야나기 노부코/이와오 에마 하루카/@driller,터닝포인트,25000,22500,2018-06-01
엔지니어를 위한 파이썬,나카쿠키 켄지,제이펍,28000,25200,2017-11-30
챗GPT와 함께하는 파이썬 & 머신러닝 코딩 마스터,김대우,부크크(Bookk),17800,17800,2023-07-04
프로그래밍의 정석: 파이썬,도경구,생능출판,28000,25200,2020-12-29
알기 쉽게 해설한 파이썬 with 컴퓨팅 사고력,김충석/김지연,한빛아카데미,24000,24000,2023-02-19
암호 해킹으로 배우는 파이썬의 기초,알 스웨이가트,에이콘출판,35000,31500,2019-07-31
비트코딩 라이트 : 파이썬,박해민,햄큐,20000,18000,2018-10-19
나의 첫 머신러닝/딥러닝(데이터 사이언스 시리즈 27),허민석,위키북스,26000,23400,2019-01-10
알기쉬운 파이썬 SQL 코딩하기,정현희,크라운출판사,15000,13500,2023-01-10
Step by Step CRM을 위한 파이썬 머신러닝,김형수,프레딕스,30000,30000,2023-05-01
Let’s Start Coding with Raptor & Python (랩터 & 파이썬),김충석,앤아이컴즈,24000,24000,2019-08-15
파이썬 프로그래밍,박영권,시대인,22000,19800,2022-01-10
파이썬을 활용한 DSMDesign/Dependency Structure Matrix 기초 입문,박건영,키메이커,10000,-1,2023-05-02
파이썬 코딩 실습(기본편),류지훈/박훈영/시호연/심성보/윤현석/진대호,좋은땅,25000,22500,2020-07-27
파이썬 OpenCV를 이용한 영상처리 (컬러판),허진경,부크크(Bookk),25000,25000,2021-09-30
파이썬으로 배우는 초중등 교과서 2,김정욱,루비페이퍼,18000,16200,2019-08-20
파이썬의 정석,보요 시바타,루비페이퍼,26000,23400,2021-03-01
금융 데이터를 위한 파이썬,테리엇,비제이퍼블릭,24000,21600,2020-06-26
파이썬으로 배우는 프로그래밍 기초,임좌상/조용주,인피니티북스,23000,23000,2018-02-27
파이썬으로 코딩하는 물리,송오영,21세기사,29000,26100,2021-03-02
깔끔한 파이썬 탄탄한 백엔드,송은우,비제이퍼블릭,27000,24300,2019-01-25
잡아라! 텍스트 마이닝 with 파이썬,서대호,비제이퍼블릭,17000,15300,2019-04-30
모두의 라즈베리파이 with 파이썬,이시이 모루나/에사키 노리히데,길벗,26000,23400,2019-01-20
파이써닉한 파이썬을 익히는 간결한 안내서,데이비트 M. 비즐리,인사이트,28000,25200,2022-08-22
디딤돌 파이썬,이찬수,인피니티북스,29000,29000,2022-08-23
400제로 배우는 파이썬 입문,김범준,심통,28000,25200,2021-10-29
파이썬을 활용한 금융 분석,이브 힐피시,한빛미디어,42000,37800,2016-06-01
파이썬 알고리즘 객체지향 코딩의 기술,장무경,로드북,35000,31500,2022-12-23
자료구조와 알고리즘 with 파이썬,김현정/황숙희,길벗캠퍼스,28000,28000,2023-01-10
파이썬을 활용한 비지도 학습,벤자민 존스턴/애런 존스/크리스토퍼 크루거,에이콘출판,35000,31500,2019-11-29
파이썬으로 움직이는 EV3 로봇,황일규,복두출판사,22000,22000,2021-07-15
파이썬으로 배우는 영상처리,Sandipan Dey,도서출판 홍릉(홍릉과학출판사),33000,33000,2020-01-20
딥러닝 머신러닝을 위한 파이썬 넘파이,문용준/문성혁,잇플,35000,31500,2020-06-15
단단한 파이썬,패트릭 비아포어,에이콘출판,35000,31500,2022-08-24
코딩 자율학습 나도코딩의 파이썬 입문,나도코딩,길벗,19200,-1,2023-03-20
누구나 파이썬 너도 데이터 가지고 놀 수 있어! 1,민형기,토마토북,16000,14400,2019-06-17
Step by Step CRM을 위한 파이썬 머신러닝,김형수,프레딕스,23000,-1,2023-04-07
2쪽 75주제로 연습하는 파이썬,구본근,홍릉,19000,19000,2023-02-28
파이썬 챌린지,니콜라 레이시,제이펍,11200,10080,2021-05-12
파이썬 매일 코딩,루벤 M. 러너,길벗,22000,19800,2021-11-30
파이썬 훈련소,북마크,유페이퍼,5000,-1,2022-08-06
연오의 파이썬,박연오,인사이트,19800,17820,2020-12-31
Pandas Cookbook,시어도어 페트로우,에이콘출판,40000,36000,2018-03-30
파이썬을 활용한 딥러닝 전이학습,디파니안 사르카르/러그허브 발리/타모그나 고시,위키북스,30000,27000,2019-10-11
파이썬으로 만드는 OpenCV 프로젝트,이세우,인사이트,36000,32400,2019-03-28
파이썬으로 배우는 수치 데이터 처리,김동근,가메,22000,19800,2020-03-03
아두이노와 피지컬 컴퓨팅 with 파이썬,이원규/김자미/장윤재,교학사,16000,14400,2018-12-20
파이썬으로 배우는 응용 텍스트 분석,벤자민 벵포트/레베카 빌브로/토니 오제다,제이펍,27000,24300,2019-11-29
파이썬 인공지능 입문+실전: 종합편,서민우,앤써북,23000,20700,2021-09-25
파이썬을 활용한 금융공학 레시피,김용환,한빛미디어,28000,25200,2018-06-01
새내기 파이썬,천인국,생능출판,30000,30000,2022-06-30
김변수와 시작하는 코딩생활 with 파이썬,코뮤니티 운영진(휴몬랩),영진닷컴,18000,16200,2022-03-25
파이썬으로 무인도 탈출하기(STEAM 창의융합교육 시리즈 4),박정호/안해민/박찬솔,생능출판,14000,12600,2019-08-16
기계공학도를 위한 파이썬과 머신러닝,이대엽/이경은/이상승,야스미디어,25000,22500,2023-02-20
파이썬으로 하는 마케팅 연구와 분석,제이슨 슈바르츠/크리스 채프먼/에리 맥도넬 파이트,에이콘출판,40000,36000,2022-12-29
금융 데이터 분석을 위한 파이썬 판다스,유대표/조대표,파이스탁,30000,27000,2022-03-02
시간순삭 파이썬,천인국/정영민/최자영,생능북스,22000,19800,2020-08-27
똑똑한 파이썬,황재호/황예린,인포앤북,18000,16200,2021-06-01
딥러닝을 위한 최적화와 수치해석,황윤구/양한별,남가람북스,32000,28800,2020-02-03
비주얼 코딩: 스크래치&파이썬,캐롤 보더먼/존 우드콕/션 맥매너스/크레이그 스틸/클레어 퀴글리/다니엘 매카퍼티,청어람아이,19800,17820,2016-12-20
나의 첫 파이썬,Matthes Eric,한빛미디어,30000,27000,2020-07-01
마인크래프트와 함께 즐겁게 파이썬,최일선,비제이퍼블릭,26000,23400,2018-11-30
파이썬 코드 레시피 302,구로즈미 다카유키,제이펍,32000,28800,2022-04-18
파이썬 자연어 처리의 이론과 실제,잘라지 트하나키,에이콘출판,35000,31500,2018-06-29
한권으로 파이썬과 드론 날로먹기: 인공지능편,이현종/박재일,잇플,107800,97020,2021-12-21
파이썬 프로그래밍,유영환/김경민/김민호/이태훈/장종칠,부산대학교출판문화원,24000,24000,2021-08-31
파이썬 훈련소 (컬러판),북마크,부크크(Bookk),9300,9300,2022-07-19
실무에 바로 적용하는 AI 대비 파이썬 기초 입문서,강봉주,자유아카데미,34000,34000,2023-03-03
파이썬 딥러닝으로 시작하는 이상 징후 탐지,Sridhar Alla/Suman Kalyan Adari,홍릉,37000,37000,2021-09-24
파이썬 프로그래밍,최성철,한빛아카데미,25000,24250,2019-01-01
파이썬 3,박상현,한빛미디어,25000,22500,2016-02-10
생활코딩 머신러닝 실습편 with 파이썬 텐서플로,이숙번/이고잉,위키북스,24000,21600,2021-12-15
마이크로비트로 배우는 파이썬,서민우,앤써북,18800,16920,2020-02-25
안녕, 파이썬,김학인,북랩,17900,16110,2022-03-14
파이썬으로 맛보는 인공지능 한 조각,김수빈,디지털북스,18000,-1,2022-12-22
파이썬으로 시작하는 머신러닝+딥러닝,강지영,아이리포,22000,19800,2022-05-15
개발자를 위한 파이썬,윤웅식,한빛미디어,20000,18000,2017-11-01
프로젝트로 배우는 파이썬 프로그래밍,최덕기,학산미디어,30000,30000,2022-09-15
스타트 파이썬,황재호,인포앤북,21000,18900,2022-02-22
파이썬으로 배우는 딥러닝 교과서,이시카와 아키히코,한빛미디어,38000,34200,2020-03-01
머신러닝&딥러닝 with 파이썬,알베르토 아르타산체스/프라틱 조시,한빛미디어,40000,36000,2021-10-21
머신러닝을 위한 파이썬 한 조각,박성호,비제이퍼블릭,24000,21600,2020-02-21
파이썬과 대스크를 활용한 고성능 데이터 분석,제시 대니얼,한빛미디어,28000,25200,2020-10-05
파이썬 코딩 실습(연구활용 대기과학편),류지훈/박훈영/시호연/심성보/윤현석/진대호,좋은땅,25000,22500,2020-07-27
파이썬 프로그래밍,조인석,혜지원,27000,24300,2019-05-31
파이썬 정복,김상형,한빛미디어,22000,19800,2018-04-02
차근차근 데이터 분석과 인공지능 with 파이썬,류현수/박진영/최리사/최지영/최미선,연두에디션,19550,-1,2023-01-19
파이썬 자료구조와 알고리즘 for Beginner,우재남,한빛아카데미,27000,27000,2021-01-23
파이썬과 함께하는 생활 속의 통계학,안기수,생능,23000,23000,2022-12-12
파이썬 연습,김기용,그린,26000,26000,2022-02-25
핸즈온 머신러닝 딥러닝 알고리즘 트레이딩,스테판 젠슨,에이콘출판,43000,38700,2020-07-31
파이썬 프로그래밍,길준민/박지수,인피니티북스,22000,22000,2019-12-30
달구나 파이썬!,노순국/이금분/정유정,연두에디션,20000,20000,2021-12-01
Do it! 게임 10개 만들며 배우는 파이썬,벤 포터/쉬무엘 포터,이지스퍼블리싱,15000,-1,2022-12-09
프로그래밍 레벨업 파이썬 활용,조현준,북스홀릭퍼블리싱,25000,22500,2022-08-29
파이썬 첫걸음,James R Payne,잇플,26000,23400,2020-12-28
파이썬과 Fraudit을 활용한 회계부정적발,안정국,아진,50000,45000,2021-08-20
72시간 파이썬 정복(코딩초보를 위한),이승현/이정환/조수현/양정모,광문각,24000,21600,2019-07-30
파이썬 프로그래밍,진민,휴먼싸이언스,20000,18000,2020-12-10
파이썬 입문교실,오오사와 후미타카,영진닷컴,17000,15300,2018-07-11
파이썬 프로그래밍,이영실,한산,23000,23000,2017-08-30
파이썬 프로그래밍,Philip Nelson/Jesse M Kinder,휴먼싸이언스,20000,18000,2017-01-31
파이썬 프로그래밍,John V Guttag,도서출판 홍릉(홍릉과학출판사),29000,29000,2019-02-22
파이썬 기초 실습,고응남,인피니티북스,25000,25000,2022-04-27
파이썬 객체지향 프로그래밍,스티븐 로트/더스티 필립스,에이콘출판,43000,38700,2022-06-30
손에 잡히는 파이썬,문용준,비제이퍼블릭,44000,39600,2018-03-30
비전공자 컴퓨팅사고력 향상을 위한 파이썬 응용,오하영,휴먼싸이언스,18000,16200,2019-02-20
고등학교 및 대학 신입생을 위한 파이썬 프로그래밍,최종명,J&H,20000,-1,2023-01-23
토닥토닥 파이썬,권상기,플랜투,25000,22500,2019-04-08
예제로 배우는 파이썬 머신러닝,위시 (헤이든) 류,제이펍,33000,29700,2022-08-26
진짜 코딩하며 배우는 파이썬,서민우/박준원,앤써북,17700,15930,2020-08-15
차근차근 데이터 분석과 인공지능 with 파이썬,류현수/박진영/최리사/최지영/최미선,연두에디션,23000,23000,2022-10-15
파이썬으로 시작하는 코딩,브라이언 칼링/말리 아데어,코딩타임,20000,18000,2018-09-10
더 탄탄하게 배우는 파이썬3,제드 쇼,성안당,20000,18000,2018-08-17
알고리즘과 파이썬,채진석,정익사,27000,27000,2019-08-26
프로그래머를 위한 파이썬,데인 힐라드,제이펍,25000,22500,2020-11-13
고전 컴퓨터 알고리즘 인 파이썬,데이비드 코펙,한빛미디어,25000,22500,2019-12-01
코딩 테스트로 시작하는 파이썬 프로그래밍,다니엘 진가로,영진닷컴,24000,21600,2022-04-25
챗GPT와 업무자동화,김철수,위키북스,18000,16200,2023-03-21
파이썬 399 Step,문혜영,아이콕스,22000,19800,2022-03-15
파이썬 프로그래밍 길라잡이,장혜진,홍릉,29000,29000,2022-02-25
누구나 파이썬,전익진,디스커버리미디어,17500,15750,2022-01-10
시작북 파이썬,코딩 코치스,유페이퍼,4600,-1,2021-01-05
심플 파이썬,김동주,부크크(Bookk),13400,-1,2019-12-19
엑셀, R, 파이썬으로 시작하는 데이터 분석,조지 마운트,한빛미디어,22000,19800,2022-04-29
마케터의 파이썬,정희석,e비즈북스,22000,19800,2022-01-26
생활코딩! 파이썬,이고잉/장용하,범,18000,16200,2020-03-23
파이썬과 코랩기반의 OpenCV로 배우는 영상처리,고병철,그린,20000,20000,2022-01-07
고등학교 및 대학 신입생을 위한 파이썬 프로그래밍,최종명,J&H,25000,22500,2023-01-07
파이썬 기초 프로그래밍,정경호,일일사,25000,22500,2017-08-28
파이썬 시작 가이드,베아투스,e퍼플,7000,-1,2020-04-17
파이썬과 리액트를 활용한 주식 자동 거래 시스템 구축(프로그래밍&프랙티스...,박재현,위키북스,28000,25200,2020-02-12
파이썬 웹 스크래핑,캐서린 자멀/리차드 로손,에이콘출판,25000,22500,2019-01-02
나혼자 파이썬,이창현,디지털북스,15000,13500,2020-12-10
Try! Helloworld 파이썬,정윤원/정두식,길벗,18000,16200,2017-02-15
쉽게 배우는 파이썬,김은옥,삼양미디어,18000,16200,2021-07-05
파이썬으로 제어하는 마이크로비트,북마크,유페이퍼,5000,-1,2022-09-07
처음 만나는 파이썬,가마타 마사히로,제이펍,22000,19800,2017-03-30
파이썬 병렬 프로그래밍,얀 팔라흐,에이콘출판,14000,12600,2016-11-04
유쾌한 파이썬,스티븐 로트,에이콘출판,24000,21600,2015-11-30
모던 파이썬 입문,아나 벨,길벗,26000,23400,2019-10-07
파이썬 웹프로그래밍,김석훈,한빛미디어,14000,-1,2016-04-12
파이썬 네트워크 자동화,최병철,에이콘출판,45000,40500,2019-07-25
파이썬 분산 컴퓨팅,프란세스코 피에르페데리시,에이콘출판,20000,18000,2016-11-28
파이썬답게 코딩하기,심경섭,비제이퍼블릭,20000,18000,2018-04-30
파이썬 프로그래밍 개론,데이비드 슈나이더,에이콘출판,35000,31500,2016-11-30
코딩 강화 파이썬,이규호,제이펍,19800,17820,2019-06-28
러닝 파이썬(하),마크 루츠,제이펍,38000,34200,2018-03-28
러닝 파이썬 세트,마크 루츠,제이펍,76000,68400,2018-03-28
러닝 파이썬(상),마크 루츠,제이펍,38000,34200,2018-03-28
헬로! 파이썬 프로그래밍,워렌 산데/카터 산데,위키북스,27000,24300,2015-09-04
파이썬 네트워킹 마스터,에릭 추,에이콘출판,35000,31500,2019-10-31
파이썬3 바이블,이강성,프리렉,42000,37800,2013-10-01
파이썬 성능 높이기,가브리엘레 라나로,에이콘출판,28000,25200,2018-11-30
파이썬 입문(반양장),야마다 요시히로/야마다 나미,시그마프레스,25000,25000,2021-01-05
파이썬의 신,김주현,로드북,27000,24300,2019-02-14
모던 파이썬 쿡북,스티븐 로트,에이콘출판,43000,38700,2018-02-22
실전 파이썬 프로그래밍,줄리안 단주,인사이트,17000,15300,2014-12-13
파이썬으로 익히는 말랑말랑 알고리즘,김경록,비제이퍼블릭,30000,27000,2022-01-27
파이썬 코딩 알고리듬,오상문,도수서원,12000,10800,2017-09-25
파이썬 프로그래밍 핵심,전희성,UUP,13000,13000,2021-02-23
이젠 나도! 파이썬,이지선,성안당,25000,22500,2019-10-04
파이썬이 보이는 그림책,ANK CO LTD,성안당,18000,15300,2018-07-24
코딩영어(파이썬 프로그래밍),김용찬,원펀치,16000,14400,2022-04-11
알 스웨이가트의 파이썬 프로젝트,알 스웨이가트,제이펍,28000,25200,2022-02-24
파이썬을 이용한 머신러닝, 딥러닝 실전 개발 입문,쿠지라 히코우즈쿠에,위키북스,30000,27000,2019-12-10
파이썬 데이터 분석 for Beginner,우재남,한빛아카데미,28000,28000,2022-06-23
파이썬을 이용한 공학 프로그래밍,손재범/정의성/이호영/임형규/박영상,성안당,25000,22500,2021-03-05
파이썬 기반 강화학습 알고리듬,안드레아 론자,에이콘출판,30000,27000,2021-08-25
핵심코어! 파이썬 프로그래밍,최희식,인피니티북스,23000,23000,2022-03-17
파이썬과 주피터 노트북 기반의 SAS Viya,강봉주,자유아카데미,26400,-1,2022-10-19
더 쉬운 파이썬 프로그래밍,최 종 명,J&H,18000,-1,2022-03-04
데이터 분석을 위한 파이썬,오경선/장은실/양숙희,인피니티북스,25000,25000,2022-03-25
낭만독타 IGCSE 컴퓨터사이언스 파이썬,박문철,낭만독타,20000,-1,2022-08-29
파이썬과 확률분포,손현석,토마토마트,10000,-1,2018-05-23
코딩정복 with 파이썬,황현숙,피씨북,8000,-1,2020-01-02
따라하면서 배우는 파이썬,이상철,복두출판사,13000,13000,2021-12-01
시작북 파이썬 (컬러판),코딩 코치스,부크크(Bookk),11000,11000,2021-01-06
정치학을 위한 파이썬,엄기홍,경북대학교출판부,15000,15000,2018-02-14
CORE 파이썬 프로그래밍,WESLEY JCHUN,피어슨에듀케이션코리아,25000,-1,2002-05-24
파이썬 시작하기,마크 루츠,한빛미디어,22000,-1,2001-01-31
모두를 위한 파이썬,Cay Horstmann/Rance Necaise,한티에듀,35000,35000,2020-03-02
파이썬데이터 분석COS Pro 2급,조문기/조상욱/최기환/천양하,북스홀릭퍼블리싱,24000,21600,2022-08-31
파이썬 마스터 3급,강윤희/남성현/박용범,명진씨앤피,18000,16200,2021-06-25
코딩 정복 with 파이썬,황현숙,PCBOOK,8000,-1,2017-10-16
데이터 시각화 with 파이썬,설진욱,아이콕스,28000,25200,2021-03-20
함수형 파이썬 프로그래밍,스티븐 로트,에이콘출판,30000,27000,2017-02-28
초간단 파이썬 입문서,유채곤,부크크(Bookk),3900,-1,2018-01-03
파이썬으로 맛보는 인공지능 한 조각,김수빈,디지털북스,18000,16200,2022-08-30
초간단 파이썬 입문서,유채곤,부크크(Bookk),9200,9200,2017-03-14
신비한 파이썬 프로젝트,리본,영진닷컴,24000,21600,2020-05-22
객체지향 파이썬 프로그래밍,스티븐 로트,에이콘출판,45000,40500,2017-02-17
파이썬과 피지컬 컴퓨팅,목원대학교 스톡스대학 SW교양학부/조도은/고유정/구진희/연용호/최정희,인피니티북스,14000,14000,2020-08-24
파이썬 쉽게, 더 쉽게,츠지 신고,제이펍,26000,23400,2018-12-20
구글로 공부하는 파이썬,김용재,비제이퍼블릭,42000,37800,2018-03-09
파이썬과 비즈니스 자동화,체탄 기리다,에이콘출판,30000,27000,2018-11-08
컴맹을 위한 파이썬,정덕,디지털북스,12000,10800,2018-07-15
러닝스쿨! 파이썬 교과서,쿠지라 히코우즈쿠,위키북스,22000,19800,2017-07-31
파이썬 플레이그라운드,마헤시 벤키타찰람,에이콘출판,30000,27000,2016-11-18
파이썬에 참 좋은 PyCharm,테리엇,비제이퍼블릭,23000,20700,2019-10-31
실전 파이썬 디자인 패턴,향단코드,온노트,8000,-1,2019-08-26
파이썬 데이터 과학 통계 학습,황보현우/정지현,정보문화사,29000,26100,2021-05-25
핵심만 쏙쏙 파이썬,양숙희/오경선/장은실,연두에디션,19000,19000,2020-02-10
파이썬 완벽 가이드(ProgrammingInsight),데이비트 M. 비즐리,인사이트,38000,34200,2012-04-06
파이썬 프로그래밍 첫걸음,최 종 명,J&H,22000,-1,2021-02-18
실전 파이썬 GUI 프로그래밍,향단코드,온노트,8000,-1,2019-09-17
예제 중심의 파이썬,최용,인피니티북스,18000,-1,2011-11-21
파이썬으로 코딩 시작하기,박영호/이병재,PCBOOK,8000,-1,2016-12-15
파이썬 with 컴퓨팅 사고력,황혜정/유현수/박진영/최리사,글로벌,20000,18000,2017-08-14
파이썬 객체지향 프로그래밍,성백균,도서출판 홍릉(홍릉과학출판사),25000,25000,2021-03-05
자연어 처리 쿡북 with 파이썬,크리슈나 바브사/나레쉬 쿠마르/프라탑 단게티,에이콘출판,30000,27000,2019-01-31
파이썬으로 배우는 웹 크롤러,박정태,정보문화사,25000,22500,2018-01-10
파이썬 코딩의 기초,조연상,상학당,32000,32000,2021-07-01
파이썬 딥러닝 프로젝트,Matthew Lamons,홍릉,39000,39000,2022-01-07
파이썬 고급 딥러닝,Ivan Vasilev,홍릉,39000,39000,2022-01-07
파이썬 프로그래밍(쉽게 배우는),이상부,글로벌,16000,14400,2017-09-04
예제로 배우는 컴퓨팅 사고와 파이썬,김성백/김철민/박찬정,연두에디션,28000,26600,2022-08-20
파이썬으로 배우는 텐서플로 기초,도진환,퍼플,9600,9600,2022-08-16
파이썬으로 배우는 머신러닝,김화종,홍릉,26000,26000,2022-06-24
Tkinter 기반 파이썬 비주얼 프로그래밍,김병만/이종열/문창배,홍릉,19000,19000,2021-12-30
10대를 위한 파이썬 교과서,Aristides S Bouras/Loukia V Ainarozidou,교학사,22000,19800,2020-01-20
누구나 쉽게 따라하는 인공지능(feat 파이썬),이용권,씨마스21,21000,18900,2021-08-25
colab에서 파이썬 빅데이터 처리,진하수,부크크(Bookk),19900,19900,2022-06-14
파이썬을 이용한 통계적 머신러닝,박유성,자유아카데미,34000,-1,2022-10-20
파이썬을 활용한 머신러닝 쿡북,크리스 알본,한빛미디어,33000,29700,2019-09-01
머신 러닝을 다루는 기술 with 파이썬, 사이킷런,마크 페너,길벗,34000,30600,2020-06-30
Python in Easy Steps,McGrath Mike,In Easy Steps,17750,17610,2018-08-28
인공지능 파이썬 기초다지기,김찬교/김예린/김재환/안건/이현인/정원석,홍릉,13000,13000,2022-06-23
쉽게 이해되는 파이썬 프로그래밍,유석종/창병모,인피니티북스,27000,27000,2022-02-28
파이썬 프로그래밍(Step by Step 처음 시작하는),김동근,가메,22000,19800,2022-09-07
나는 파이썬으로 피지컬 컴퓨팅한다,최정원/김경규/장병철,씨마스,20000,18000,2022-03-14
이공학을 위한 파이썬 프로그래밍,정동호,내하출판사,22000,22000,2020-03-30
파이썬 코딩의 첫걸음,박영호/이병재,PCBOOK,12000,-1,2017-05-11
실전 파이썬 디자인 패턴 개정판,향단코드,온노트,10000,-1,2022-05-16
파이썬으로 배우는 과학계산,김웅태,서울대학교출판문화원,35000,35000,2021-12-31
파이썬 코딩 14개 이야기,이병재/박영호,PCBOOK,8000,-1,2017-09-06
파이썬 프로젝트 Active 개발 가이드,최원우,아이콕스,20000,18000,2019-08-23
컴퓨팅 사고와 소프트웨어 with 파이썬,성태응/홍정희/이홍래,인피니티북스,25000,25000,2022-03-02
퀀트 전략 파이썬으로 세워라,박준규,비제이퍼블릭,24000,21600,2019-04-30
파이썬으로 배우는 소프트웨어 디자인,김홍준,인피니티북스,20000,20000,2020-02-27
파이썬으로 배우는 프로그래밍 기초,크리스 로피,한빛아카데미,13000,13000,2016-08-18
파이썬으로 배우는 금융 분석,유씽 얀,에이콘출판,38000,34200,2017-11-29
말랑말랑 파이썬 유쾌한 맛,신유선,북스힐,16000,14400,2022-01-30
머신 러닝 인 파이썬,마이클 보울즈,비제이퍼블릭,27000,24300,2015-11-20
인공지능 with 파이썬,김현정/유상현,인피니티북스,22000,22000,2021-09-08
파이썬으로 시작하는 컴퓨터 프로그래밍,조동영,한빛아카데미,25000,25000,2022-02-21
파이썬 프로그래밍 실습 (기초편),Alex Lee,유페이퍼,10000,-1,2019-09-07
입문자를 위한 파이썬 프로그래밍,김상근,북스홀릭퍼블리싱,22000,19800,2021-08-30
퍼즐로 배우는 알고리즘: with 파이썬,SRINI DEVADAS,영진닷컴,20000,18000,2019-09-20
컴퓨팅 사고를 위한 파이썬,한선관/김태령,생능출판,30000,27000,2022-01-03
파이썬 코딩(처음 시작하는),문병수/Annie Chong/문석균,캐멀컨설팅,16000,14400,2017-07-17
컴퓨터사고와 파이썬 프로그래밍,김영탁,홍릉,34000,34000,2022-01-20
파이썬 핵심 레퍼런스(Programming Insight),마크 루츠,인사이트,16800,15120,2016-08-12
처음 시작하는 파이썬 프로그래밍,김동근,가메,18000,16200,2018-03-22
파이썬으로 배우는 데이터 과학,알베르토 보스체티/루카 마싸론,에이콘출판,30000,27000,2017-12-08
파이썬 기초 & 알고리즘 사고법,아리스티데스 보우라스/루키아 아이나로지두,제이펍,30000,27000,2018-07-10
프로그래밍이 보인다! 파이썬 입문,제이미 챈,에이콘출판,14000,12600,2015-09-18
파이썬을 활용한 소프트웨어 아키텍처,아난드 발라찬드란 필라이,에이콘출판,40000,36000,2021-01-04
만들면서 배우는 파이썬 하나, 둘, 셋,나인섭,연두에디션,20000,20000,2021-12-10
파이썬으로 배우는 자료구조 프로그래밍,유석종,휴먼싸이언스,25000,22500,2022-02-18
국가대표 파이썬 첫걸음,더코딩칼리지 인스트럭터스,더코딩칼리지,23800,21420,2018-07-14
모두의 데이터 과학 with 파이썬,드미트리 지노비에프,길벗,22000,19800,2017-07-14
파이썬과R(2학기, 워크북포함),심송용/이윤동/김성수,한국방송통신대학교출판문화원,15800,14900,2020-07-25
통계를 위한 파이썬 프로그래밍,김진성,가메,25000,22500,2021-09-15
파이썬 기반의 Natural 컴퓨팅,잔카를코 자코네,도서출판 홍릉(홍릉과학출판사),33000,29700,2020-05-01
AWS로 시작하는 AI 서비스 with 파이썬,이노우에 켄이치,영진닷컴,22000,19800,2021-11-05
현장에서 바로 써먹는 데이터분석 with 파이썬,김임용,심통,25000,-1,2022-08-12
파이썬과 함께 하는 수학 어드벤처,피터 파렐,에이콘출판,30000,27000,2020-01-15
파이썬 3로 컴퓨터 비전 다루기,사우랍 카푸,에이콘출판,24000,21600,2018-01-31
중1수학(상) 파이썬 프로그래밍,정기철,도서출판 홍릉(홍릉과학출판사),16000,16000,2017-03-20
깐깐하게 배우는 파이썬 3(프로그래밍 인사이트),제드 쇼,인사이트,22000,19800,2019-01-22
파이썬 머신러닝 실무 테크닉 100,시모야마 데루마사/미키 다카유키/이토 준지,제이펍,25000,22500,2021-12-14
파이썬 데이터계산 행렬수학,김종률,경문사,29000,29000,2020-12-20
파이썬을 활용한 나만의 RPA 만들기(2021),안정국,삼일인포마인,25000,22500,2021-01-04
누구나 쉽게 컴퓨팅 사고 with 파이썬,김현정/황숙희,길벗캠퍼스,25000,25000,2022-06-20
파이썬으로 텍스트 분석하기,윤태일/이수안,늘봄,18000,16200,2019-08-20
효율적 개발로 이끄는 파이썬 실천 기술,스야마 레이,제이펍,22000,19800,2021-04-19
배워서 바로 써먹는 데이터 분석 with 파이썬,설진욱,생능북스,26000,23400,2022-04-15
파이썬을 이용한 수치해석,박철근,자유아카데미,33000,33000,2022-02-05
파이썬만 잡아도: 기초를 탄탄히 세우는 Python 프로그래밍,김병만/문창배,카오스북,25000,25000,2018-06-30
(데이터 분석이야기) 파이썬으로의 여행,손현석,토마토마트,8000,-1,2017-11-29
파이썬과 함계하는 통계입문,손현석,토마토마트,15000,-1,2019-12-16
파이썬 핵심 개발자들과의 인터뷰,마이크 드리스콜,터닝포인트,18800,16920,2019-01-21
파이썬과 함께 배우는 미분방정식,도진환,퍼플,9600,9600,2021-01-09
컴퓨팅 기반 문제해결 with 파이썬,장은실,인피니티북스,20000,20000,2022-01-26
파이썬을 이용한 통계학 원론,권세혁,교우,24000,23000,2022-03-02
기계학습 기반의 파이썬 활용,황철현/정회경,성진미디어,18000,18000,2021-11-30
누구나 가능한 파이썬 프로그램,최종명/조광문/송필재,J&H,15000,-1,2018-02-21
초보자도 간단히 단숨에 배우는 파이썬,조인석,터닝포인트,15800,14220,2020-04-13
그림과 함께하는 파이썬 수업,최윤철/임순범,생능출판,28000,28000,2021-11-03
실전 스케일링 파이썬 프로그래밍(프로그래밍 인사이트),줄리안 단주,인사이트,19000,17100,2018-08-18
비즈니스 머신러닝 in 파이썬,김형수,프레딕스,32000,28800,2020-05-30
진짜 쉽고 쓸모 있는 언어 파이썬,안진섭,성안당,27000,24300,2016-10-11
해커의 언어 파이썬 3 입문,오동진,에이콘출판,25000,22500,2018-03-19
모두의 파이썬 X 알고리즘(합본호),이승찬,길벗,26000,23400,2018-12-10
파이썬 데이터 전처리 및 탐색 라이브러리,허진경,부크크(Bookk),29400,29400,2021-10-22
기본에 집중한 파이썬 프로그래밍,손승일,21세기사,30000,27000,2022-01-31
파이썬 프로그램(자료분석을 위한),박진표,경남대학교출판부,25000,25000,2018-12-21
과학 쌤과 파이썬 알아가기,김대준,유페이퍼,7000,-1,2020-12-05
파이썬을 활용한 네트워크 프로그래밍,파루크 사커,에이콘출판,30000,27000,2015-01-27
파이썬으로 배우는 수학적 프로그래밍,알란 M 스테이블리,프리렉,25000,22500,2015-08-27
파이썬 프로그래밍(누구나 쉽게 배우는),제이슨 R 브리그스,비제이퍼블릭,27000,24300,2013-08-08
파이썬으로 배우는 인공지능,프라틱 조쉬,에이콘출판,40000,36000,2017-05-24
파이썬을 이용한 데이터 분석,아르만도 판당고,에이콘출판,30000,27000,2018-01-24
파이썬 모의 해킹과 침투 테스팅,모히트,에이콘출판,20000,18000,2015-11-26
파이썬으로 풀어보는 회귀분석,루카 마싸론/알베르토 보스체티,에이콘출판,30000,27000,2019-01-02
컴퓨터비전과 머신러닝(파이썬과 OpenCV4를 활용한),김찬수/김형오,광문각,26000,26000,2021-02-25
파이썬과 NumPy로 배우는 선형대수,이정주,비제이퍼블릭,26000,23400,2019-09-30
컴퓨팅 사고와 파이썬 기초&활용,박태진/심갑식,복두출판사,11000,11000,2021-02-25
파이썬으로 처음 시작하는 코딩,롭 마일스,에이콘출판,40000,36000,2019-01-02
파이썬을 활용한 스파크 프로그래밍,제프리 에이븐,에이콘출판,30000,27000,2019-08-28
백박스 기반의 파이썬 2.7,오동진,에이콘출판,25000,22500,2016-09-29
파이썬으로 만드는 서버리스 애플리케이션,잘렘 라지 로히트,에이콘출판,25000,22500,2018-10-29
어서와 파이썬은 처음이지!,천인국,인피니티북스,29000,29000,2016-08-12
파이썬으로 시작하는 컴퓨터 과학 입문,존 M 젤,인사이트,30000,27000,2017-08-18
인공지능 파이썬&블록코딩,창의융합과학,창의융합과학(주),25000,22500,2021-12-27
특강마스터 파이썬 마스터 3급,김상민,렉스미디어닷넷,18000,16200,2021-12-01
컴퓨팅 사고력을 키우는 SW 교육: 파이썬,우재남,한빛아카데미,22000,22000,2016-07-20
컴퓨터 사이언스 부트캠프 with 파이썬,양태환,길벗,24000,21600,2018-02-14
수학적 모델링 콘텐츠 파이썬 1,김준석/김상권/이채영/최용호/곽수빈/황영진,지오북스,11000,9900,2021-09-01
파이썬을 사용한 프로그래밍 입문,채진석,정익사,25000,23000,2016-03-03
파이썬 딥러닝 머신러닝 입문,오승환,정보문화사,25000,22500,2021-01-05
파이썬 2학년 데이터 분석 구조,모리 요시나오,성안당,17000,15300,2021-05-14
데이터 사이언스 입문 A to Z(한권으로 파이썬),문용준/문성혁,잇플,29000,26100,2020-01-02
Python을 이용한 개인화 추천시스템,임일,청람,18000,18000,2020-08-25
파이썬으로 배우는 누구나 코딩,강환수/신용현,도서출판 홍릉(홍릉과학출판사),25000,25000,2019-08-26
배프의 오지랖 파이썬 웹프로그래밍(Django(장고)로 쉽게 배우는),배프,디지털북스,22000,19800,2019-03-05
파이썬과 함께 배우는 신호와 시스템,남승현,도서출판 홍릉(홍릉과학출판사),28000,28000,2020-03-09
파이썬을 이용한 통계적 머신러닝,박유성,자유아카데미,34000,34000,2022-06-15
경영학과 함께하는 파이썬 인공지능,박경욱/박주영/김태환,드림미디어,28000,26600,2022-03-02
파이썬을 활용한 기초컴퓨터프로그래밍,유영한/권기덕/김성렬/이태훈,부산대학교출판부,24000,24000,2017-08-31
파이썬과 함께하는 선형대수 코드,손현석,토마토마트,11700,-1,2021-03-25
파이썬 코드로 구성한 쉬운 미적분학,손현석,토마토마트,10800,-1,2021-03-25
파이썬 코딩의 첫걸음(개정판),박영호/이병재,피씨북,14000,-1,2019-11-13
처음 시작을 위한 파이썬 해설Ⅰ,강성모,불잉걸,15000,-1,2018-08-07
파이썬인공지능COS Pro 2급,조문기/조상욱/최기환,북스홀릭퍼블리싱,22000,19800,2022-02-28
파이썬을 이용한 컴퓨터 과학 입문,로버트 세지윅/케빈 웨인/로버트 돈데로,길벗,48000,43200,2019-12-30
비전공자도 쉽게 이해하는 파이썬 입문,윤선영,아이콕스,16000,-1,2021-08-23
데이터를 다루며 배우는 파이썬(프로그래밍인사이트),찰스 세브란스,인사이트,18000,16200,2019-08-22
파이썬과 함께하는 미적분 이야기1,손현석,토마토마트,11000,-1,2019-05-21
비전공자도 쉽게 이해하는 파이썬 입문,윤선영,아이콕스,20000,18000,2021-07-13
가장 쉬운 독학 알고리즘 첫걸음: 파이썬편,마스이 도시카츠,동양북스,23500,21150,2022-05-13
구글과 파이썬으로 시작하는 보안,김용재,비제이퍼블릭,33000,29700,2021-08-31
돈 되는 파이썬 인공지능 프로그래밍,아카이시 마사노리,위키북스,25000,22500,2021-06-17
코딩 클럽 LV 2: 본격 파이썬 입문,크리스 로피,한빛미디어,10000,9000,2015-09-01
왕초보를 위한 파이썬 프로그래밍 입문서,Dave Lee,아티오,12000,10800,2017-07-20
파이썬을 이용한 빅데이터 분석,유성준/구영현/정원희/박철호/윤학림/정다운,21세기사,25000,22500,2018-10-20
파이썬으로 배우는 자연어 처리 인 액션,홉슨 레인/하네스 막스 하프케/콜 하워드,제이펍,35000,31500,2020-03-04
파파와 파이썬(컴퓨터 과학 입문 시리즈 1),Scion K,아이캔디,24000,21600,2018-02-01
코딩 클럽 LV 4: 파이썬 프로그래밍 아트,크리스 로피,한빛미디어,10000,9000,2016-10-04
파이썬으로 배우는 머신러닝 입문,오제키 마사유키,성안당,19800,17820,2021-04-30
파이썬으로 배우는 대규모 머신 러닝,바스티앙 스야딘/루카 마싸론/알베르토 보스체티,에이콘출판,35000,31500,2017-07-10
셜록 홈즈 만화로 배우는 파이썬,정준우/김민기,페스트북,9900,-1,2021-11-18
파이썬과 자연어 처리(acorn+PACKT 시리즈),딥티 초프라/니쉬트 조쉬/이티 마투르,에이콘출판,28000,25200,2017-07-25
스파르타! 파이썬 포렌식(철통보안 시리즈 25),쳇 호스머,비제이퍼블릭,28000,25200,2015-04-24
파이썬으로 완성하는 비지도 학습 알고리즘,송동근,비제이퍼블릭,34000,30600,2021-11-30
Matplotlib Tutorial - 파이썬으로 데이터 시각화하기,김민휘,유페이퍼,15000,-1,2020-10-30
Let's 실전 예제로 배우는 파이썬 프로그래밍,김진성,아이비김영,22000,19800,2020-06-02
실전 개발을 위한 파이썬 디자인 패턴,향단코드,온노트,3000,-1,2018-08-21
엑셀과 비교하며 배우는 파이썬 데이터 분석,장쥔홍,제이펍,24000,21600,2021-06-17
슬기로운 파이썬생활 데이터 싹쓰리 & 업무자동화,서진수/손기동,가치랩스,33000,29700,2020-11-30
파이썬 프로그래밍(컴퓨팅 사고력을 키워주는),김성호,글로벌,18000,16200,2017-12-27
파이썬으로 구현한 인공지능,박태희,홍릉,23000,23000,2021-09-06
파이썬 활용 산업응용수학의 기본,김준석/김상권/이채영/정다래/최용호/곽수빈,지오북스,15000,13500,2020-09-10
파이썬으로 시작하는 라즈베리파이 3,김경신,복두출판사,16000,15200,2018-03-06
컴퓨터 프로그래밍 첫걸음(파이썬으로 배우는),성창규/전인호/박성호,앤아이컴즈,20000,18000,2016-03-02
파이썬으로 배우는 머신러닝의 교과서,이토 마코토,한빛미디어,29000,26100,2018-11-01
The Python - 파이썬 프로그래밍,허진경,부크크(Bookk),32000,32000,2021-09-09
파이썬을 활용한 데이터 분석과 응용,이성건/강현철,자유아카데미,30000,30000,2021-06-10
컴퓨팅 사고(스크래치와 파이썬으로 풀어보는),김성애/박주연/박태정,인피니티북스,25000,25000,2022-03-10
파이썬으로 배우는 소프트웨어와 인공지능,조행래/윤종희/서영석/김영탁,영남대학교출판부,25000,25000,2022-03-15
파이썬으로 구현하는 AI 이해와 활용,박상배/변선준/김상원/임호,일진사,22000,19800,2022-03-15
Step by Step 파이썬 비즈니스 통계분석,김형수,프레딕스,32000,28800,2021-11-01
파이썬과 함께하는 벡터와 행렬 이야기,손현석,토마토마트,12000,-1,2018-09-13
파이썬과 주피터 노트북 기반의 SAS Viya,강봉주,자유아카데미,33000,33000,2021-10-20
한권으로 파이썬과 드론 날로 먹기,이현종/박재일,잇플,18000,-1,2020-07-16
21개의 작고 재미난 파이썬 프로젝트,켄 유엔스-클락,제이펍,30000,27000,2021-08-11
하루에 쪼갠다 파이썬 (실전코드 핵심기초),코딩 코치스,유페이퍼,4600,-1,2020-08-22
딱 하루에 끝내는 파이썬 핵심기초 (컬러판),더 코딩 칼리지,부크크(Bookk),12700,12700,2020-11-11
누구나 가능한 파이썬 프로그램(개정판),최종명/조광문/송필재,J&H,15000,-1,2018-08-31
파이썬 웹 프로그래밍 에센셜 &#40;판매중단&#41;,김승구,부크크(Bookk),24800,24800,2020-06-18
파이썬을 활용한 데이터 길들이기(프로그래밍인사이트),재클린 카질/캐서린 자멀,인사이트,33000,29700,2017-08-21
Anti-Virus 구조와 원리(파이썬으로 배우는),최원혁,비제이퍼블릭,34000,30600,2017-09-29
인공지능과 함께하는 파이썬,복거철/정회경,성진미디어,15000,15000,2021-11-30
파이썬으로 구현하는 고급 머신 러닝,존 하티,에이콘출판,33000,29700,2017-08-17
데이터 과학을 위한 파이썬 머신러닝,최성철,한빛아카데미,30000,30000,2022-01-03
파이썬 입문 A to Z(반드시 알아야 할),문용준/문성혁/박재일,토마토북,16500,14850,2019-06-17
YBM DATA 데이터분석기술평가 파이썬 2급 개정판,김승욱,연두에디션,10000,-1,2022-08-18
파이썬을 이용한 인터랙티브 대시보드 만들기 (컬러판),홍성준 홍성수,부크크(Bookk),32800,32800,2021-07-08
한 번 배운 파이썬, 나만의 활용 스킬,이강성,프리렉,20000,18000,2020-07-22
IT 비전공자를 위한 돈 버는 파이썬 코딩,비현코,디지털북스,18000,16200,2021-10-10
파이썬을 여행하는 히치하이커를 위한 안내서,케네스 라이츠/타냐 슐로서,인사이트,27000,24300,2017-10-31
마인크래프트로 배우는 파이썬 프로그래밍,크레이그 리처드슨,제이펍,25000,22500,2016-08-10
실전 개발을 위한 파이썬 디자인 패턴 2,향단코드,온노트,5000,-1,2019-05-30
파이썬 표준 라이브러리(CD-ROM 1장 포함),프레드릭 런드,한빛미디어,20000,-1,2001-09-13
모의 침투 입문자를 위한 파이썬 3 활용,오동진/박재유,에이콘출판,25000,22500,2020-02-28
파이썬과 함께 하는 EV3 로봇 창작 프로젝트(‘쉽게 배우는’ SW 코딩 교육...,김형기,삼양미디어,18000,16200,2020-11-05
유튜버 주간컴공 지마&참깨의 프리패스 파이썬,지마/참깨,고시고시,18000,16200,2021-01-04
파이썬 해킹프로그래밍(게으른 해커의 쉽게 배우는),한상준/조태남/이성원,박영사,14000,14000,2019-03-04
파이썬을 이용한 실전 프로그래밍(한국어판),Ljubomir Perkovic,도서출판 홍릉(홍릉과학출판사),35000,35000,2019-03-25
머신 러닝을 위한 수학 with 파이썬, R,이원상,길벗,24000,21600,2020-08-24
보통의 취준생을 위한 코딩 테스트 with 파이썬,권국원,로드북,30000,27000,2022-02-23
파이썬과 Fraudit을 활용한 회계부정적발,안정국,아진,50000,-1,2021-09-14
처음 시작을 위한 파이썬 해설Ⅰ(체험판),강성모,불잉걸,0,-1,2018-08-07
하루에 쪼갠다 파이썬 (실전코드 핵심기초) (컬러판),코딩 코치스 Coding Coaches,부크크(Bookk),9800,9800,2020-11-27
인공지능 100점을 위한 파이썬 수학,임성국,비제이퍼블릭,24000,21600,2020-04-29
사이버파이로 배우는 파이썬 인공지능 코딩,이현주,슈퍼트랙,25000,22500,2021-08-30
파이썬 인 프랙티스(위키북스 프로그래밍 & 프랙티스 시리즈 8),마크 서머필드,위키북스,28000,25200,2014-09-03
파이썬 터틀 그래픽을 이용한 프로그래밍과 코딩,정민영,21세기사,20000,18000,2017-09-01
YBM DATA 데이터분석기술평가 파이썬 2급,김승욱,연두에디션,8000,-1,2021-11-24
코딩 클럽 LV 3: 제대로 된 파이썬 앱 만들기,크리스 로피,한빛미디어,10000,9000,2015-11-20
아두이노와 파이썬을 이용하여 모션 제어하기,한정남,이페이지,10000,-1,2017-02-13
헬로 파이썬 프로그래밍(위키북스 프로그래밍 프랙티스 시리즈 6),워렌 산데/카터 산데,위키북스,25000,-1,2014-02-28
누구나 파이썬 너도 데이터 가지고 놀 수 있어! 1(개정판),민형기,잇플,18000,16200,2020-01-24
파이썬 라이브러리로 배우는 딥러닝 입문과 응용,발렌티노 조카/지안마리오 스파카냐/다니엘 슬레이터/피터 로런츠,제이펍,28000,25200,2018-12-18
내가 하는 사물인터넷 프로그래밍 1: 라즈베리 파이 파이썬 편,설상동/김혜숙,지식과감성,20000,18000,2017-03-10
The Python - 파이썬 프로그래밍 3부,허진경,부크크(Bookk),28000,-1,2019-09-27
The Python - 파이썬 프로그래밍 1부,허진경,부크크(Bookk),22000,-1,2019-09-27
The Python - 파이썬 프로그래밍 2부,허진경,부크크(Bookk),18000,-1,2019-09-27
한권으로 파이썬 데이터 사이언스 입문 AtoZ,문용준/문성혁,도서출판 잇플 ITPLE,22000,-1,2020-01-07
컴퓨터 사고력 향상을 위한 데이터 구조 및 알고리즘: 파이썬 편,정인기,홍릉,27000,27000,2022-05-30
핸즈온 파이썬을 이용한 설명가능한 AI(XAI),Denis Rothman,DK로드북스,28000,28000,2021-01-10
데이터/수치 분석을 위한 파이썬 라이브러리 SciPy와 NumPy,엘리 브레설트,한빛미디어,9900,-1,2015-05-18
파이썬 오픈소스 도구를 활용한 악성코드 분석,조정원/최우석/이도경/정지훈,에이콘출판,42000,37800,2015-09-30
파이썬 프로그래밍 기초부터 응용까지 세트(전2권),웨슬리 천/제니퍼 캠벨/폴 그리스/제이슨 몬토조/그렉 윌슨,에이콘출판,68000,61200,2014-02-12
파이썬과 기계 학습(acorn+PACKT 시리즈)(acorn+PACKT 시리즈),라울 가레타/기예르모 몬세치,에이콘출판,14000,12600,2016-01-04
파이썬을 이용한 빅데이터 수집, 분석과 시각화,이원하,비팬북스,24000,21600,2017-06-20
대소니의 딥러닝 기초(파이썬, 케라스로 배우는),김철우,디지털북스,23000,20700,2018-04-05
PyQt5 Tutorial - 파이썬으로 만드는 나만의 GUI 프로그램,김민휘,유페이퍼,7000,-1,2020-03-12
파이썬 웹 프로그래밍(위키북스 오픈소스 웹 시리즈 56),주성식/홍성민,위키북스,25000,-1,2014-01-28
파이썬과 파이게임(쉽고 재미있게 예제로 배우는!),정선호,그린,28000,28000,2020-02-25
코딩천재의 비법노트 3단계: 파이썬, HTML과 CSS,브레인 퀘스트,우리학교,13000,11700,2021-12-20
한권으로 개발자가 원하던 파이썬 심화 A to Z,문용준/문선혁,도서출판 잇플 ITPLE,25000,-1,2020-01-07
이제 시작이야! 컴퓨팅 사고력으로 인공지능까지 파이썬,전수진/박주연/김수환,연두에디션,23000,21850,2022-01-10
R과 파이썬 머신러닝 어프로치(연구 논문을 위한),강병서,한경사,35000,35000,2020-05-30
구글 앱 엔진 시작하기(파이썬과 자바로 함께 배우는),박상엽,인사이트,19800,-1,2010-02-07
파이썬 프로그래밍(컴퓨터 기초 과학 학습을 위한)(IT HOLIC 81),강남오/김재호,북스홀릭퍼블리싱,25000,-1,2014-10-01
Python Crash Course,Matthes Eric,No Starch Press,50000,47160,2015-12-31
한권으로 파이썬과 드론 날로먹기: 인공지능 편,이현종/박재일,잇플,23000,20700,2021-09-10
파이썬 3 프로그래밍(빠르게 활용하는)(위키북스 프로그래밍 프랙티스 시리즈 1),신호철/우상정/최동진,위키북스,26000,-1,2009-06-30
파이썬 3.6 프로그래밍(빠르게 활용하는)(위키북스 프로그래밍 & 프랙티스...,신호철/최동진/우상정,위키북스,30000,27000,2017-07-18
라즈베리 파이 프로그래밍(파이썬으로 시작하는)(제이펍의 로봇 시리즈 4),사이먼 몽크,제이펍,18000,-1,2013-09-27
파이썬으로 실무에 바로 적용하는 머신 러닝(데이터 과학),강봉주,에이콘출판,30000,27000,2019-01-30
파이썬 기초의 모든 것, 14개의 코딩 이야기!(코딩 첫걸음 시리즈 3),박영호/이병재,교학사,12000,10800,2018-04-20
파이썬 함수 사용 설명서: 내장함수, 클래스, 메서드 편(기초부터 탄탄히),권판검,글로벌,22000,19800,2021-08-06
MYSQL 시스템관리와 프로그래밍:자바 PHP 펄 C 파이썬(개정판),조지 리스 외,한빛미디어,15000,-1,2007-09-17
만들면서 배우는 나만의 인공지능 서비스,최은석,위키북스,28000,25200,2023-09-06
MYSQL 시스템관리와 프로그래밍:자바 PHP 펄 C 파이썬(개정판),조지 리스 외,한빛미디어,25000,-1,2002-10-18
컴퓨팅 사고와 함께하는 파이썬 기초부터 인공지능 응용까지,김성백/김철민/박찬정,연두에디션,24000,24000,2019-12-20
데이터 과학 입문과 실습(파이썬으로 배우는)(위키북스 데이터 사이언스...,데이비 실린/아르노 메이즈맨/모하메드 알리,위키북스,27000,24300,2018-02-13
파이썬 실무 프로그래밍(시스템/네트워크 관리자를 위한)(위키북스 시스템...,조훈/김종숙,위키북스,45000,40500,2017-03-31
머신러닝 딥러닝을 이용한 A.I. 자율주행 RC카 프로젝트 with 파이썬+아두이노,서민우,앤써북,18000,16200,2022-05-20
The Python - 파이썬 프로그래밍&#40;합본&#41; &#40;판매중단&#41;,허진경,부크크(Bookk),54800,54800,2019-07-19
파이썬을 활용한 크롤러 개발과 스크레이핑 입문(위키북스 데이터 사이언스...,카토 카츠야/요코야마 유우키,위키북스,30000,27000,2019-07-24
빠르게 활용하는 파이썬 3.2 프로그래밍(개정증보판)(위키북스 프로그래밍...,신호철/우상정/최동진,위키북스,28000,-1,2012-04-12
미적분과 벡터해석 기초,심성아/윤기헌,경문사,15000,14550,2020-03-02
밑바닥부터 시작하는 딥러닝 2,사이토 고키,한빛미디어,29000,26100,2019-05-01
파이썬으로 자동 환율 알리미 만들기 :여행 전 환율이 신경쓰이는 여행자를...,손인균,스타일라이프,5000,-1,2019-01-17
이한영의 Django(장고) 입문,이한영,디지털북스,25000,22500,2023-03-10
밑바닥부터 시작하는 딥러닝 3,사이토 고키,한빛미디어,38000,34200,2020-11-10
Automate the Boring Stuff with Python,알 스웨이가트,No Starch Press,52000,39000,2019-10-15
Do it! 데이터 분석을 위한 판다스 입문,다니엘 첸,이지스퍼블리싱,25000,22500,2023-11-20
수치해석(이공학도를 위한),최덕기,학산미디어,25000,24000,2017-09-05
파이토치 라이트닝으로 시작하는 딥러닝,Sawarkar Kunal/시밤 R. 솔란키/아밋 조글카르,에이콘출판,35000,31500,2023-09-26
데이터 분석가가 반드시 알아야 할 모든 것,황세웅,위키북스,38000,34200,2023-01-19
Do it! 점프 투 장고,박응용,이지스퍼블리싱,19800,17820,2021-01-06
코딩 없이(Low code) 클릭으로 한 번에 빅데이터 분석하기,윤우제/이래중,ORP Press,15000,13500,2023-05-31
Natural Language Processing with Python,Bird Steven/ Klein Ewan/ Loper Edward,Oreilly & Associates,79710,65000,2009-06-01
Python for Data Analysis,,,68575,68575,2012-11-01
Quantum Machine Learning with Python,Pattanayak Santanu,Apress,55560,46180,2021-04-28
Image Processing Masterclass with Python,Dey Sandipan,Bpb Publications,40900,35880,2021-03-10
CODING BASICS PYTHON,김상민/장성식/김일태,렉스미디어닷넷,20000,18000,2022-02-10
Python Programming in Context 2/E (Paperback),Miller,Jones and Bartlett Publishers,,43000,42570,2013-01-01
Hands-On Time Series Analysis with Python,Vishwas B V/Patel Ashish,Apress,52000,45460,2020-10-29
Learning Scientific Programming with Python,Christian (University College London) Hill,,64570,52570,2016-02-04
Do it! 점프 투 플라스크,박응용,이지스퍼블리싱,19800,17820,2020-11-25
차근차근 실습하며 배우는 파이토치 딥러닝 프로그래밍,아카이시 마사노리,위키북스,32000,28800,2022-08-18
생활 속 예제로 배우는 생생 데이터 분석,조인석,한빛아카데미,23000,23000,2023-01-01
인공지능,천인국,인피니티북스,33000,33000,2023-03-10
머신러닝과 인과분석,김양석/노미진/한무명초,박영사,19000,19000,2023-08-30
인공지능, 주식투자 좀 부탁해,곽경일,비제이퍼블릭,25000,22500,2023-06-07
실전 알고리듬 트레이딩 레벨업,안드레아스 F. 클레노우,에이콘출판,40000,36000,2022-07-29
Pandas Cookbook,매트 해리슨/시어도어 페트로우,에이콘출판,45000,40500,2020-12-29
데이터 과학을 위한 통계,피터 브루스/앤드루 브루스/피터 게데크,한빛미디어,34000,30600,2021-05-07
XAI, 설명 가능한 AI,오오쓰보 나오키/나카에 도시히로/후카사와 유타/도요카 쇼/사카모토 뎃페이/사토 마코토,비제이퍼블릭,27000,24300,2022-11-24
Level Up Python,박희수,북팟,29800,29800,2023-03-22
Python 프로그래밍,서문석,퍼플,11500,11500,2017-03-30
Learning Scientific Programming with Python,Hill Christian,Cambridge University Press,59120,59000,2020-11-30
25시간만에 배우는 머신러닝 예제,김준석/김상권/한현수/김영록,이모션미디어,15000,15000,2018-01-31
스마트한 컴퓨터 프로그래밍 기초,임동균/박일선,한티미디어,27000,27000,2023-03-31
Behavioral Data Analysis with R and Python,,,130980,120187,2021-07-06
The Python 3 Standard Library by Example,더그 헬먼,에이콘출판,58000,52200,2020-06-30
Fluent Python,Ramalho Luciano,O'Reilly Media,58000,58000,2015-08-20
Python Tricks,Bader Dan,Dan Bader,38000,33040,2017-10-25
Learning Python,Lutz Mark,O'Reilly Media,101460,60800,2013-01-01
Introducing Python,빌 루바노빅,O'Reilly Media,48000,38400,2015-03-18
Python for Finance,이브 힐피시,O'Reilly Media,58490,40000,2015-01-23
Python Pocket Reference,Lutz Mark,Oreilly & Associates,17500,14000,2014-07-16
Introducing Python,빌 루바노빅,O'Reilly Media,62000,60140,2019-12-10
Text Analytics with Python,Sarkar Dipanjan,Apress,55000,44000,2017-05-19
Coding Projects in Python,Dorling Kindersley Inc (COR),DK Publishing (Dorling Kindersley),28720,18000,2017-06-06
Python Data Science Essentials,Boschetti Alberto,Packt Publishing,49500,47760,2015-07-27
